Date,score,vote,weighted_votes
2021-02-22 18:00:00,0.03722845544748381,3.0,1.5592232034170768
2021-02-22 18:30:00,0.0,0.0,0.0
2021-02-22 19:00:00,0.0,0.0,0.0
2021-02-22 19:30:00,0.0,0.0,0.0
2021-02-22 20:00:00,0.0,0.0,0.0
2021-02-22 20:30:00,0.0,0.0,0.0
2021-02-22 21:00:00,0.0,0.0,0.0
2021-02-22 21:30:00,0.0,0.0,0.0
2021-02-22 22:00:00,0.0,0.0,0.0
2021-02-22 22:30:00,0.003188199069605496,2.0,1.1618885757898965
2021-02-22 23:00:00,0.0,0.0,0.0
2021-02-22 23:30:00,0.0,0.0,0.0
2021-02-23 00:00:00,0.0,0.0,0.0
2021-02-23 00:30:00,0.0,0.0,0.0
2021-02-23 01:00:00,0.0,0.0,0.0
2021-02-23 01:30:00,0.0,0.0,0.0
2021-02-23 02:00:00,0.0,0.0,0.0
2021-02-23 02:30:00,0.0,0.0,0.0
2021-02-23 03:00:00,0.06497352765385006,7.0,3.744339824515013
2021-02-23 03:30:00,0.0,0.0,0.0
2021-02-23 04:00:00,0.0,0.0,0.0
2021-02-23 04:30:00,0.0,0.0,0.0
2021-02-23 05:00:00,0.057018089581539325,5.0,2.7083332389480144
2021-02-23 05:30:00,0.0,0.0,0.0
2021-02-23 06:00:00,0.0,0.0,0.0
2021-02-23 06:30:00,0.0,0.0,0.0
2021-02-23 07:00:00,0.0,0.0,0.0
2021-02-23 07:30:00,0.03331542680654482,6.0,3.0912438640992397
2021-02-23 08:00:00,0.0,0.0,0.0
2021-02-23 08:30:00,0.0,0.0,0.0
2021-02-23 09:00:00,0.0,0.0,0.0
2021-02-23 09:30:00,0.0,0.0,0.0
2021-02-23 10:00:00,0.0,0.0,0.0
2021-02-23 10:30:00,-0.023806361074736992,4.0,2.062322582083996
2021-02-23 11:00:00,0.0,0.0,0.0
2021-02-23 11:30:00,0.0,0.0,0.0
2021-02-23 12:00:00,0.0,0.0,0.0
2021-02-23 12:30:00,0.0,0.0,0.0
2021-02-23 13:00:00,0.0,0.0,0.0
2021-02-23 13:30:00,0.0,0.0,0.0
2021-02-23 14:00:00,0.014843082417818987,4.0,2.2136439956021148
2021-02-23 14:30:00,0.0,0.0,0.0
2021-02-23 15:00:00,0.0,0.0,0.0
2021-02-23 15:30:00,0.0,0.0,0.0
2021-02-23 16:00:00,0.0,0.0,0.0
2021-02-23 16:30:00,0.0,0.0,0.0
2021-02-23 17:00:00,0.0,0.0,0.0
2021-02-23 17:30:00,0.0,0.0,0.0
2021-02-23 18:00:00,0.0879353304806224,7.0,3.780846252235655
2021-02-23 18:30:00,0.0,0.0,0.0
2021-02-23 19:00:00,0.0,0.0,0.0
2021-02-23 19:30:00,0.0,0.0,0.0
2021-02-23 20:00:00,0.0,0.0,0.0
2021-02-23 20:30:00,0.0,0.0,0.0
2021-02-23 21:00:00,0.0,0.0,0.0
2021-02-23 21:30:00,0.0,0.0,0.0
2021-02-23 22:00:00,0.0,0.0,0.0
2021-02-23 22:30:00,0.08978646600474002,9.0,4.769103590409173
2021-02-23 23:00:00,0.0,0.0,0.0
2021-02-23 23:30:00,0.0,0.0,0.0
2021-02-24 00:00:00,0.0,0.0,0.0
2021-02-24 00:30:00,0.0,0.0,0.0
2021-02-24 01:00:00,0.0,0.0,0.0
2021-02-24 01:30:00,0.0,0.0,0.0
2021-02-24 02:00:00,0.0,0.0,0.0
2021-02-24 02:30:00,0.0,0.0,0.0
2021-02-24 03:00:00,0.027396521338163202,5.0,2.6623476187787514
2021-02-24 03:30:00,0.0,0.0,0.0
2021-02-24 04:00:00,0.0,0.0,0.0
2021-02-24 04:30:00,0.0,0.0,0.0
2021-02-24 05:00:00,0.03480429067078566,5.0,2.6075197570795314
2021-02-24 05:30:00,0.0,0.0,0.0
2021-02-24 06:00:00,0.0,0.0,0.0
2021-02-24 06:30:00,0.0,0.0,0.0
2021-02-24 07:00:00,0.0,0.0,0.0
2021-02-24 07:30:00,0.04211458220211783,5.0,2.565488312028099
2021-02-24 08:00:00,0.0,0.0,0.0
2021-02-24 08:30:00,0.0,0.0,0.0
2021-02-24 09:00:00,0.0,0.0,0.0
2021-02-24 09:30:00,0.0,0.0,0.0
2021-02-24 10:00:00,0.0,0.0,0.0
2021-02-24 10:30:00,0.04869012219280407,7.0,3.7538025069269167
2021-02-24 11:00:00,0.0,0.0,0.0
2021-02-24 11:30:00,0.0,0.0,0.0
2021-02-24 12:00:00,0.0,0.0,0.0
2021-02-24 12:30:00,0.0,0.0,0.0
2021-02-24 13:00:00,0.0,0.0,0.0
2021-02-24 13:30:00,0.0,0.0,0.0
2021-02-24 14:00:00,0.0164584302719907,3.0,1.3951394455431156
2021-02-24 14:30:00,0.0,0.0,0.0
2021-02-24 15:00:00,0.0,0.0,0.0
2021-02-24 15:30:00,0.0,0.0,0.0
2021-02-24 16:00:00,0.0,0.0,0.0
2021-02-24 16:30:00,0.0,0.0,0.0
2021-02-24 17:00:00,0.0,0.0,0.0
2021-02-24 17:30:00,0.0,0.0,0.0
2021-02-24 18:00:00,0.023623578694192068,5.0,2.7895679959804487
2021-02-24 18:30:00,0.0,0.0,0.0
2021-02-24 19:00:00,0.0,0.0,0.0
2021-02-24 19:30:00,0.0,0.0,0.0
2021-02-24 20:00:00,0.0,0.0,0.0
2021-02-24 20:30:00,0.0,0.0,0.0
2021-02-24 21:00:00,0.0,0.0,0.0
2021-02-24 21:30:00,0.0,0.0,0.0
2021-02-24 22:00:00,0.0,0.0,0.0
2021-02-24 22:30:00,0.021358858117469258,7.0,3.7632651893388216
2021-02-24 23:00:00,0.0,0.0,0.0
2021-02-24 23:30:00,0.0,0.0,0.0
2021-02-25 00:00:00,0.0,0.0,0.0
2021-02-25 00:30:00,0.0,0.0,0.0
2021-02-25 01:00:00,0.0,0.0,0.0
2021-02-25 01:30:00,0.0,0.0,0.0
2021-02-25 02:00:00,0.0,0.0,0.0
2021-02-25 02:30:00,0.0,0.0,0.0
2021-02-25 03:00:00,0.0,0.0,0.0
2021-02-25 03:30:00,0.0,0.0,0.0
2021-02-25 04:00:00,0.0,0.0,0.0
2021-02-25 04:30:00,0.0,0.0,0.0
2021-02-25 05:00:00,0.05346348600337242,7.0,3.773642506016036
2021-02-25 05:30:00,0.0,0.0,0.0
2021-02-25 06:00:00,0.0,0.0,0.0
2021-02-25 06:30:00,0.0,0.0,0.0
2021-02-25 07:00:00,0.0,0.0,0.0
2021-02-25 07:30:00,-0.0067070351452476855,-1.0,-0.5651042072119247
2021-02-25 08:00:00,0.0,0.0,0.0
2021-02-25 08:30:00,0.0,0.0,0.0
2021-02-25 09:00:00,0.0,0.0,0.0
2021-02-25 09:30:00,0.0,0.0,0.0
2021-02-25 10:00:00,0.0,0.0,0.0
2021-02-25 10:30:00,0.043640085898883255,7.0,3.71526866615441
2021-02-25 11:00:00,0.0,0.0,0.0
2021-02-25 11:30:00,0.0,0.0,0.0
2021-02-25 12:00:00,0.0,0.0,0.0
2021-02-25 12:30:00,0.0,0.0,0.0
2021-02-25 13:00:00,0.0,0.0,0.0
2021-02-25 13:30:00,0.0,0.0,0.0
2021-02-25 14:00:00,0.06251550674238454,8.0,4.249389874501411
2021-02-25 14:30:00,0.0,0.0,0.0
2021-02-25 15:00:00,0.0,0.0,0.0
2021-02-25 15:30:00,0.0,0.0,0.0
2021-02-25 16:00:00,0.0,0.0,0.0
2021-02-25 16:30:00,0.0,0.0,0.0
2021-02-25 17:00:00,0.0,0.0,0.0
2021-02-25 17:30:00,0.0,0.0,0.0
2021-02-25 18:00:00,0.030828147671761993,3.0,1.5250270568973958
2021-02-25 18:30:00,0.0,0.0,0.0
2021-02-25 19:00:00,0.0,0.0,0.0
2021-02-25 19:30:00,0.0,0.0,0.0
2021-02-25 20:00:00,0.0,0.0,0.0
2021-02-25 20:30:00,0.0,0.0,0.0
2021-02-25 21:00:00,0.0,0.0,0.0
2021-02-25 21:30:00,0.0,0.0,0.0
2021-02-25 22:00:00,0.0,0.0,0.0
2021-02-25 22:30:00,0.051466173821270444,9.0,4.769103590409173
2021-02-25 23:00:00,0.0,0.0,0.0
2021-02-25 23:30:00,0.0,0.0,0.0
2021-02-26 00:00:00,0.0,0.0,0.0
2021-02-26 00:30:00,0.0,0.0,0.0
2021-02-26 01:00:00,0.0,0.0,0.0
2021-02-26 01:30:00,0.0,0.0,0.0
2021-02-26 02:00:00,0.0,0.0,0.0
2021-02-26 02:30:00,0.0,0.0,0.0
2021-02-26 03:00:00,0.0,0.0,0.0
2021-02-26 03:30:00,0.0,0.0,0.0
2021-02-26 04:00:00,0.0,0.0,0.0
2021-02-26 04:30:00,0.0,0.0,0.0
2021-02-26 05:00:00,0.06048285732893492,9.0,4.769103590409173
2021-02-26 05:30:00,0.0,0.0,0.0
2021-02-26 06:00:00,0.0,0.0,0.0
2021-02-26 06:30:00,0.0,0.0,0.0
2021-02-26 07:00:00,0.0,0.0,0.0
2021-02-26 07:30:00,0.05632631695525902,8.0,4.2463689564197225
2021-02-26 08:00:00,0.0,0.0,0.0
2021-02-26 08:30:00,0.0,0.0,0.0
2021-02-26 09:00:00,0.0,0.0,0.0
2021-02-26 09:30:00,0.0,0.0,0.0
2021-02-26 10:00:00,0.0,0.0,0.0
2021-02-26 10:30:00,0.01935897362718532,5.0,2.640325340522871
2021-02-26 11:00:00,0.0,0.0,0.0
2021-02-26 11:30:00,0.0,0.0,0.0
2021-02-26 12:00:00,0.0,0.0,0.0
2021-02-26 12:30:00,0.0,0.0,0.0
2021-02-26 13:00:00,0.0,0.0,0.0
2021-02-26 13:30:00,0.0,0.0,0.0
2021-02-26 14:00:00,0.051390744746402504,8.0,4.2024874063278475
2021-02-26 14:30:00,0.0,0.0,0.0
2021-02-26 15:00:00,0.0,0.0,0.0
2021-02-26 15:30:00,0.0,0.0,0.0
2021-02-26 16:00:00,0.0,0.0,0.0
2021-02-26 16:30:00,0.0,0.0,0.0
2021-02-26 17:00:00,0.0,0.0,0.0
2021-02-26 17:30:00,0.0,0.0,0.0
2021-02-26 18:00:00,-0.00646377863707922,3.0,1.6742704587369768
2021-02-26 18:30:00,0.0,0.0,0.0
2021-02-26 19:00:00,0.0,0.0,0.0
2021-02-26 19:30:00,0.0,0.0,0.0
2021-02-26 20:00:00,0.0,0.0,0.0
2021-02-26 20:30:00,0.0,0.0,0.0
2021-02-26 21:00:00,0.0,0.0,0.0
2021-02-26 21:30:00,0.0,0.0,0.0
2021-02-26 22:00:00,0.0,0.0,0.0
2021-02-26 22:30:00,0.03664649873820438,3.0,1.6440336728129337
2021-02-26 23:00:00,0.0,0.0,0.0
2021-02-26 23:30:00,0.0,0.0,0.0
2021-02-27 00:00:00,0.0,0.0,0.0
2021-02-27 00:30:00,0.0,0.0,0.0
2021-02-27 01:00:00,0.0,0.0,0.0
2021-02-27 01:30:00,0.0,0.0,0.0
2021-02-27 02:00:00,0.0,0.0,0.0
2021-02-27 02:30:00,0.0,0.0,0.0
2021-02-27 03:00:00,0.08428041004995428,9.0,4.769103590409173
2021-02-27 03:30:00,0.0,0.0,0.0
2021-02-27 04:00:00,0.0,0.0,0.0
2021-02-27 04:30:00,0.0,0.0,0.0
2021-02-27 05:00:00,0.0,0.0,0.0
2021-02-27 05:30:00,0.0,0.0,0.0
2021-02-27 06:00:00,0.0,0.0,0.0
2021-02-27 06:30:00,0.0,0.0,0.0
2021-02-27 07:00:00,0.0,0.0,0.0
2021-02-27 07:30:00,-0.018809939781596705,3.0,1.6000838354272622
2021-02-27 08:00:00,0.0,0.0,0.0
2021-02-27 08:30:00,0.0,0.0,0.0
2021-02-27 09:00:00,0.0,0.0,0.0
2021-02-27 09:30:00,0.0,0.0,0.0
2021-02-27 10:00:00,0.0,0.0,0.0
2021-02-27 10:30:00,0.10840915657100582,8.0,4.249389874501411
2021-02-27 11:00:00,0.0,0.0,0.0
2021-02-27 11:30:00,0.0,0.0,0.0
2021-02-27 12:00:00,0.0,0.0,0.0
2021-02-27 12:30:00,0.0,0.0,0.0
2021-02-27 13:00:00,0.0,0.0,0.0
2021-02-27 13:30:00,0.0,0.0,0.0
2021-02-27 14:00:00,0.0,0.0,0.0
2021-02-27 14:30:00,0.0,0.0,0.0
2021-02-27 15:00:00,0.0,0.0,0.0
2021-02-27 15:30:00,0.0,0.0,0.0
2021-02-27 16:00:00,0.0,0.0,0.0
2021-02-27 16:30:00,0.0,0.0,0.0
2021-02-27 17:00:00,0.0,0.0,0.0
2021-02-27 17:30:00,0.0,0.0,0.0
2021-02-27 18:00:00,0.0,0.0,0.0
2021-02-27 18:30:00,0.0,0.0,0.0
2021-02-27 19:00:00,0.0,0.0,0.0
2021-02-27 19:30:00,0.0,0.0,0.0
2021-02-27 20:00:00,0.0,0.0,0.0
2021-02-27 20:30:00,0.0,0.0,0.0
2021-02-27 21:00:00,0.0,0.0,0.0
2021-02-27 21:30:00,0.0,0.0,0.0
2021-02-27 22:00:00,0.0,0.0,0.0
2021-02-27 22:30:00,0.0,0.0,0.0
2021-02-27 23:00:00,0.0,0.0,0.0
2021-02-27 23:30:00,0.0,0.0,0.0
2021-02-28 00:00:00,0.0,0.0,0.0
2021-02-28 00:30:00,0.0,0.0,0.0
2021-02-28 01:00:00,0.0,0.0,0.0
2021-02-28 01:30:00,0.0,0.0,0.0
2021-02-28 02:00:00,0.0,0.0,0.0
2021-02-28 02:30:00,0.0,0.0,0.0
2021-02-28 03:00:00,0.0,0.0,0.0
2021-02-28 03:30:00,0.0,0.0,0.0
2021-02-28 04:00:00,0.0,0.0,0.0
2021-02-28 04:30:00,0.0,0.0,0.0
2021-02-28 05:00:00,0.0,0.0,0.0
2021-02-28 05:30:00,0.0,0.0,0.0
2021-02-28 06:00:00,0.0,0.0,0.0
2021-02-28 06:30:00,0.0,0.0,0.0
2021-02-28 07:00:00,0.0,0.0,0.0
2021-02-28 07:30:00,0.0,0.0,0.0
2021-02-28 08:00:00,0.0,0.0,0.0
2021-02-28 08:30:00,0.0,0.0,0.0
2021-02-28 09:00:00,0.0,0.0,0.0
2021-02-28 09:30:00,0.0,0.0,0.0
2021-02-28 10:00:00,0.0,0.0,0.0
2021-02-28 10:30:00,0.0,0.0,0.0
2021-02-28 11:00:00,0.0,0.0,0.0
2021-02-28 11:30:00,0.0,0.0,0.0
2021-02-28 12:00:00,0.0,0.0,0.0
2021-02-28 12:30:00,0.0,0.0,0.0
2021-02-28 13:00:00,0.0,0.0,0.0
2021-02-28 13:30:00,0.0,0.0,0.0
2021-02-28 14:00:00,0.0,0.0,0.0
2021-02-28 14:30:00,0.0,0.0,0.0
2021-02-28 15:00:00,0.0,0.0,0.0
2021-02-28 15:30:00,0.0,0.0,0.0
2021-02-28 16:00:00,0.0,0.0,0.0
2021-02-28 16:30:00,0.0,0.0,0.0
2021-02-28 17:00:00,0.0,0.0,0.0
2021-02-28 17:30:00,0.0,0.0,0.0
2021-02-28 18:00:00,0.0,0.0,0.0
2021-02-28 18:30:00,0.0,0.0,0.0
2021-02-28 19:00:00,0.0,0.0,0.0
2021-02-28 19:30:00,0.0,0.0,0.0
2021-02-28 20:00:00,0.0,0.0,0.0
2021-02-28 20:30:00,0.0,0.0,0.0
2021-02-28 21:00:00,0.0,0.0,0.0
2021-02-28 21:30:00,0.0,0.0,0.0
2021-02-28 22:00:00,0.0,0.0,0.0
2021-02-28 22:30:00,0.0,0.0,0.0
2021-02-28 23:00:00,0.0,0.0,0.0
2021-02-28 23:30:00,0.0,0.0,0.0
2021-03-01 00:00:00,0.0,0.0,0.0
2021-03-01 00:30:00,0.0,0.0,0.0
2021-03-01 01:00:00,0.0,0.0,0.0
2021-03-01 01:30:00,0.0,0.0,0.0
2021-03-01 02:00:00,0.0,0.0,0.0
2021-03-01 02:30:00,0.0,0.0,0.0
2021-03-01 03:00:00,0.15003500184893345,5.0,2.691608579169352
2021-03-01 03:30:00,0.0,0.0,0.0
2021-03-01 04:00:00,0.0,0.0,0.0
2021-03-01 04:30:00,0.0,0.0,0.0
2021-03-01 05:00:00,0.0,0.0,0.0
2021-03-01 05:30:00,0.0,0.0,0.0
2021-03-01 06:00:00,0.0,0.0,0.0
2021-03-01 06:30:00,0.0,0.0,0.0
2021-03-01 07:00:00,0.0,0.0,0.0
2021-03-01 07:30:00,0.15281732762511155,4.0,2.1347085093453324
2021-03-01 08:00:00,0.0,0.0,0.0
2021-03-01 08:30:00,0.0,0.0,0.0
2021-03-01 09:00:00,0.0,0.0,0.0
2021-03-01 09:30:00,0.0,0.0,0.0
2021-03-01 10:00:00,0.0,0.0,0.0
2021-03-01 10:30:00,0.13891167366501486,6.0,3.22462610860725
2021-03-01 11:00:00,0.0,0.0,0.0
2021-03-01 11:30:00,0.0,0.0,0.0
2021-03-01 12:00:00,0.0,0.0,0.0
2021-03-01 12:30:00,0.0,0.0,0.0
2021-03-01 13:00:00,0.0,0.0,0.0
2021-03-01 13:30:00,0.0,0.0,0.0
2021-03-01 14:00:00,0.07574206227611646,2.0,1.2160193558179224
2021-03-01 14:30:00,0.0,0.0,0.0
2021-03-01 15:00:00,0.0,0.0,0.0
2021-03-01 15:30:00,0.0,0.0,0.0
2021-03-01 16:00:00,0.0,0.0,0.0
2021-03-01 16:30:00,0.0,0.0,0.0
2021-03-01 17:00:00,0.0,0.0,0.0
2021-03-01 17:30:00,0.0,0.0,0.0
2021-03-01 18:00:00,-0.023082445588795172,1.0,0.7619867470976255
2021-03-01 18:30:00,0.0,0.0,0.0
2021-03-01 19:00:00,0.0,0.0,0.0
2021-03-01 19:30:00,0.0,0.0,0.0
2021-03-01 20:00:00,0.0,0.0,0.0
2021-03-01 20:30:00,0.0,0.0,0.0
2021-03-01 21:00:00,0.0,0.0,0.0
2021-03-01 21:30:00,0.0,0.0,0.0
2021-03-01 22:00:00,0.0,0.0,0.0
2021-03-01 22:30:00,0.07834372498967264,3.0,1.6377736549145885
2021-03-01 23:00:00,0.0,0.0,0.0
2021-03-01 23:30:00,0.0,0.0,0.0
2021-03-02 00:00:00,0.0,0.0,0.0
2021-03-02 00:30:00,0.0,0.0,0.0
2021-03-02 01:00:00,0.0,0.0,0.0
2021-03-02 01:30:00,0.0,0.0,0.0
2021-03-02 02:00:00,0.0,0.0,0.0
2021-03-02 02:30:00,0.0,0.0,0.0
2021-03-02 03:00:00,0.0,0.0,0.0
2021-03-02 03:30:00,0.0,0.0,0.0
2021-03-02 04:00:00,0.0,0.0,0.0
2021-03-02 04:30:00,0.0,0.0,0.0
2021-03-02 05:00:00,0.0475306903974926,5.0,2.589268391885337
2021-03-02 05:30:00,0.0,0.0,0.0
2021-03-02 06:00:00,0.0,0.0,0.0
2021-03-02 06:30:00,0.0,0.0,0.0
2021-03-02 07:00:00,0.0,0.0,0.0
2021-03-02 07:30:00,-0.012356052160086055,1.0,0.5012971143184141
2021-03-02 08:00:00,0.0,0.0,0.0
2021-03-02 08:30:00,0.0,0.0,0.0
2021-03-02 09:00:00,0.0,0.0,0.0
2021-03-02 09:30:00,0.0,0.0,0.0
2021-03-02 10:00:00,0.0,0.0,0.0
2021-03-02 10:30:00,0.019704112256044876,4.0,2.1791568406283477
2021-03-02 11:00:00,0.0,0.0,0.0
2021-03-02 11:30:00,0.0,0.0,0.0
2021-03-02 12:00:00,0.0,0.0,0.0
2021-03-02 12:30:00,0.0,0.0,0.0
2021-03-02 13:00:00,0.0,0.0,0.0
2021-03-02 13:30:00,0.0,0.0,0.0
2021-03-02 14:00:00,-0.02129049430581793,1.0,0.5806079794052027
2021-03-02 14:30:00,0.0,0.0,0.0
2021-03-02 15:00:00,0.0,0.0,0.0
2021-03-02 15:30:00,0.0,0.0,0.0
2021-03-02 16:00:00,0.0,0.0,0.0
2021-03-02 16:30:00,0.0,0.0,0.0
2021-03-02 17:00:00,0.0,0.0,0.0
2021-03-02 17:30:00,0.0,0.0,0.0
2021-03-02 18:00:00,0.021503313429627774,0.0,0.006566896244096121
2021-03-02 18:30:00,0.0,0.0,0.0
2021-03-02 19:00:00,0.0,0.0,0.0
2021-03-02 19:30:00,0.0,0.0,0.0
2021-03-02 20:00:00,0.0,0.0,0.0
2021-03-02 20:30:00,0.0,0.0,0.0
2021-03-02 21:00:00,0.0,0.0,0.0
2021-03-02 21:30:00,0.0,0.0,0.0
2021-03-02 22:00:00,0.0,0.0,0.0
2021-03-02 22:30:00,-0.0038504783213955977,1.0,0.4252839804128148
2021-03-02 23:00:00,0.0,0.0,0.0
2021-03-02 23:30:00,0.0,0.0,0.0
2021-03-03 00:00:00,0.0,0.0,0.0
2021-03-03 00:30:00,0.0,0.0,0.0
2021-03-03 01:00:00,0.0,0.0,0.0
2021-03-03 01:30:00,0.0,0.0,0.0
2021-03-03 02:00:00,0.0,0.0,0.0
2021-03-03 02:30:00,0.0,0.0,0.0
2021-03-03 03:00:00,0.0,0.0,0.0
2021-03-03 03:30:00,0.0,0.0,0.0
2021-03-03 04:00:00,0.0,0.0,0.0
2021-03-03 04:30:00,0.0,0.0,0.0
2021-03-03 05:00:00,0.020706778563093275,5.0,2.60511917893665
2021-03-03 05:30:00,0.0,0.0,0.0
2021-03-03 06:00:00,0.0,0.0,0.0
2021-03-03 06:30:00,0.0,0.0,0.0
2021-03-03 07:00:00,0.0,0.0,0.0
2021-03-03 07:30:00,0.008347198848939353,0.0,-0.10284895051847498
2021-03-03 08:00:00,0.0,0.0,0.0
2021-03-03 08:30:00,0.0,0.0,0.0
2021-03-03 09:00:00,0.0,0.0,0.0
2021-03-03 09:30:00,0.0,0.0,0.0
2021-03-03 10:00:00,0.0,0.0,0.0
2021-03-03 10:30:00,0.07756600069310128,5.0,2.669799398175507
2021-03-03 11:00:00,0.0,0.0,0.0
2021-03-03 11:30:00,0.0,0.0,0.0
2021-03-03 12:00:00,0.0,0.0,0.0
2021-03-03 12:30:00,0.0,0.0,0.0
2021-03-03 13:00:00,0.0,0.0,0.0
2021-03-03 13:30:00,0.0,0.0,0.0
2021-03-03 14:00:00,0.003915137904801629,1.0,0.41353401413466573
2021-03-03 14:30:00,0.0,0.0,0.0
2021-03-03 15:00:00,0.0,0.0,0.0
2021-03-03 15:30:00,0.0,0.0,0.0
2021-03-03 16:00:00,0.0,0.0,0.0
2021-03-03 16:30:00,0.0,0.0,0.0
2021-03-03 17:00:00,0.0,0.0,0.0
2021-03-03 17:30:00,0.0,0.0,0.0
2021-03-03 18:00:00,0.044186738896036845,1.0,0.5046278655730362
2021-03-03 18:30:00,0.0,0.0,0.0
2021-03-03 19:00:00,0.0,0.0,0.0
2021-03-03 19:30:00,0.0,0.0,0.0
2021-03-03 20:00:00,0.0,0.0,0.0
2021-03-03 20:30:00,0.0,0.0,0.0
2021-03-03 21:00:00,0.0,0.0,0.0
2021-03-03 21:30:00,0.0,0.0,0.0
2021-03-03 22:00:00,0.0,0.0,0.0
2021-03-03 22:30:00,0.05701029433386695,2.0,1.1222144194707964
2021-03-03 23:00:00,0.0,0.0,0.0
2021-03-03 23:30:00,0.0,0.0,0.0
2021-03-04 00:00:00,0.0,0.0,0.0
2021-03-04 00:30:00,0.0,0.0,0.0
2021-03-04 01:00:00,0.0,0.0,0.0
2021-03-04 01:30:00,0.0,0.0,0.0
2021-03-04 02:00:00,0.0,0.0,0.0
2021-03-04 02:30:00,0.0,0.0,0.0
2021-03-04 03:00:00,0.0,0.0,0.0
2021-03-04 03:30:00,0.0,0.0,0.0
2021-03-04 04:00:00,0.0,0.0,0.0
2021-03-04 04:30:00,0.0,0.0,0.0
2021-03-04 05:00:00,0.01544363031411709,-1.0,-0.6118264972537445
2021-03-04 05:30:00,0.0,0.0,0.0
2021-03-04 06:00:00,0.0,0.0,0.0
2021-03-04 06:30:00,0.0,0.0,0.0
2021-03-04 07:00:00,0.0,0.0,0.0
2021-03-04 07:30:00,0.014000236114757994,-1.0,-0.47118916151743795
2021-03-04 08:00:00,0.0,0.0,0.0
2021-03-04 08:30:00,0.0,0.0,0.0
2021-03-04 09:00:00,0.0,0.0,0.0
2021-03-04 09:30:00,0.0,0.0,0.0
2021-03-04 10:00:00,0.0,0.0,0.0
2021-03-04 10:30:00,0.10016776243707393,3.0,1.6346000844569928
2021-03-04 11:00:00,0.0,0.0,0.0
2021-03-04 11:30:00,0.0,0.0,0.0
2021-03-04 12:00:00,0.0,0.0,0.0
2021-03-04 12:30:00,0.0,0.0,0.0
2021-03-04 13:00:00,0.0,0.0,0.0
2021-03-04 13:30:00,0.0,0.0,0.0
2021-03-04 14:00:00,-0.04884526637000962,-1.0,-0.35913285997611777
2021-03-04 14:30:00,0.0,0.0,0.0
2021-03-04 15:00:00,0.0,0.0,0.0
2021-03-04 15:30:00,0.0,0.0,0.0
2021-03-04 16:00:00,0.0,0.0,0.0
2021-03-04 16:30:00,0.0,0.0,0.0
2021-03-04 17:00:00,0.0,0.0,0.0
2021-03-04 17:30:00,0.0,0.0,0.0
2021-03-04 18:00:00,-0.008242680694942679,1.0,0.5947488999279794
2021-03-04 18:30:00,0.0,0.0,0.0
2021-03-04 19:00:00,0.0,0.0,0.0
2021-03-04 19:30:00,0.0,0.0,0.0
2021-03-04 20:00:00,0.0,0.0,0.0
2021-03-04 20:30:00,0.0,0.0,0.0
2021-03-04 21:00:00,0.0,0.0,0.0
2021-03-04 21:30:00,0.0,0.0,0.0
2021-03-04 22:00:00,0.0,0.0,0.0
2021-03-04 22:30:00,-0.05105726913745227,2.0,1.009677915559434
2021-03-04 23:00:00,0.0,0.0,0.0
2021-03-04 23:30:00,0.0,0.0,0.0
2021-03-05 00:00:00,0.0,0.0,0.0
2021-03-05 00:30:00,0.0,0.0,0.0
2021-03-05 01:00:00,0.0,0.0,0.0
2021-03-05 01:30:00,0.0,0.0,0.0
2021-03-05 02:00:00,0.0,0.0,0.0
2021-03-05 02:30:00,0.0,0.0,0.0
2021-03-05 03:00:00,0.0,0.0,0.0
2021-03-05 03:30:00,0.0,0.0,0.0
2021-03-05 04:00:00,0.0,0.0,0.0
2021-03-05 04:30:00,0.0,0.0,0.0
2021-03-05 05:00:00,-0.04033836514636623,2.0,1.005313340989633
2021-03-05 05:30:00,0.0,0.0,0.0
2021-03-05 06:00:00,0.0,0.0,0.0
2021-03-05 06:30:00,0.0,0.0,0.0
2021-03-05 07:00:00,0.0,0.0,0.0
2021-03-05 07:30:00,0.048214896237438916,6.0,3.217422362387631
2021-03-05 08:00:00,0.0,0.0,0.0
2021-03-05 08:30:00,0.0,0.0,0.0
2021-03-05 09:00:00,0.0,0.0,0.0
2021-03-05 09:30:00,0.0,0.0,0.0
2021-03-05 10:00:00,0.0,0.0,0.0
2021-03-05 10:30:00,0.043547984873660545,5.0,2.7925889140621374
2021-03-05 11:00:00,0.0,0.0,0.0
2021-03-05 11:30:00,0.0,0.0,0.0
2021-03-05 12:00:00,0.0,0.0,0.0
2021-03-05 12:30:00,0.0,0.0,0.0
2021-03-05 13:00:00,0.0,0.0,0.0
2021-03-05 13:30:00,0.0,0.0,0.0
2021-03-05 14:00:00,-0.01708897752615221,3.0,1.5845635531972677
2021-03-05 14:30:00,0.0,0.0,0.0
2021-03-05 15:00:00,0.0,0.0,0.0
2021-03-05 15:30:00,0.0,0.0,0.0
2021-03-05 16:00:00,0.0,0.0,0.0
2021-03-05 16:30:00,0.0,0.0,0.0
2021-03-05 17:00:00,0.0,0.0,0.0
2021-03-05 17:30:00,0.0,0.0,0.0
2021-03-05 18:00:00,0.06613453846990225,7.0,3.6109575800070024
2021-03-05 18:30:00,0.0,0.0,0.0
2021-03-05 19:00:00,0.0,0.0,0.0
2021-03-05 19:30:00,0.0,0.0,0.0
2021-03-05 20:00:00,0.0,0.0,0.0
2021-03-05 20:30:00,0.0,0.0,0.0
2021-03-05 21:00:00,0.0,0.0,0.0
2021-03-05 21:30:00,0.0,0.0,0.0
2021-03-05 22:00:00,0.0,0.0,0.0
2021-03-05 22:30:00,0.0,0.0,0.0
2021-03-05 23:00:00,0.0,0.0,0.0
2021-03-05 23:30:00,0.0,0.0,0.0
2021-03-06 00:00:00,0.0,0.0,0.0
2021-03-06 00:30:00,0.0,0.0,0.0
2021-03-06 01:00:00,0.0,0.0,0.0
2021-03-06 01:30:00,0.0,0.0,0.0
2021-03-06 02:00:00,0.0,0.0,0.0
2021-03-06 02:30:00,0.0,0.0,0.0
2021-03-06 03:00:00,0.0,0.0,0.0
2021-03-06 03:30:00,0.0,0.0,0.0
2021-03-06 04:00:00,0.0,0.0,0.0
2021-03-06 04:30:00,0.0,0.0,0.0
2021-03-06 05:00:00,0.03466822625779811,5.0,2.565488312028099
2021-03-06 05:30:00,0.0,0.0,0.0
2021-03-06 06:00:00,0.0,0.0,0.0
2021-03-06 06:30:00,0.0,0.0,0.0
2021-03-06 07:00:00,0.0,0.0,0.0
2021-03-06 07:30:00,0.0,0.0,0.0
2021-03-06 08:00:00,0.0,0.0,0.0
2021-03-06 08:30:00,0.0,0.0,0.0
2021-03-06 09:00:00,0.0,0.0,0.0
2021-03-06 09:30:00,0.0,0.0,0.0
2021-03-06 10:00:00,0.0,0.0,0.0
2021-03-06 10:30:00,-0.04545488035889352,1.0,0.5158742014186803
2021-03-06 11:00:00,0.0,0.0,0.0
2021-03-06 11:30:00,0.0,0.0,0.0
2021-03-06 12:00:00,0.0,0.0,0.0
2021-03-06 12:30:00,0.0,0.0,0.0
2021-03-06 13:00:00,0.0,0.0,0.0
2021-03-06 13:30:00,0.0,0.0,0.0
2021-03-06 14:00:00,-0.12525675912825657,-3.0,-1.5980936567363506
2021-03-06 14:30:00,0.0,0.0,0.0
2021-03-06 15:00:00,0.0,0.0,0.0
2021-03-06 15:30:00,0.0,0.0,0.0
2021-03-06 16:00:00,0.0,0.0,0.0
2021-03-06 16:30:00,0.0,0.0,0.0
2021-03-06 17:00:00,0.0,0.0,0.0
2021-03-06 17:30:00,0.0,0.0,0.0
2021-03-06 18:00:00,0.0,0.0,0.0
2021-03-06 18:30:00,0.0,0.0,0.0
2021-03-06 19:00:00,0.0,0.0,0.0
2021-03-06 19:30:00,0.0,0.0,0.0
2021-03-06 20:00:00,0.0,0.0,0.0
2021-03-06 20:30:00,0.0,0.0,0.0
2021-03-06 21:00:00,0.0,0.0,0.0
2021-03-06 21:30:00,0.0,0.0,0.0
2021-03-06 22:00:00,0.0,0.0,0.0
2021-03-06 22:30:00,0.0,0.0,0.0
2021-03-06 23:00:00,0.0,0.0,0.0
2021-03-06 23:30:00,0.0,0.0,0.0
2021-03-07 00:00:00,0.0,0.0,0.0
2021-03-07 00:30:00,0.0,0.0,0.0
2021-03-07 01:00:00,0.0,0.0,0.0
2021-03-07 01:30:00,0.0,0.0,0.0
2021-03-07 02:00:00,0.0,0.0,0.0
2021-03-07 02:30:00,0.0,0.0,0.0
2021-03-07 03:00:00,0.0,0.0,0.0
2021-03-07 03:30:00,0.0,0.0,0.0
2021-03-07 04:00:00,0.0,0.0,0.0
2021-03-07 04:30:00,0.0,0.0,0.0
2021-03-07 05:00:00,0.0,0.0,0.0
2021-03-07 05:30:00,0.0,0.0,0.0
2021-03-07 06:00:00,0.0,0.0,0.0
2021-03-07 06:30:00,0.0,0.0,0.0
2021-03-07 07:00:00,0.0,0.0,0.0
2021-03-07 07:30:00,0.0,0.0,0.0
2021-03-07 08:00:00,0.0,0.0,0.0
2021-03-07 08:30:00,0.0,0.0,0.0
2021-03-07 09:00:00,0.0,0.0,0.0
2021-03-07 09:30:00,0.0,0.0,0.0
2021-03-07 10:00:00,0.0,0.0,0.0
2021-03-07 10:30:00,0.0,0.0,0.0
2021-03-07 11:00:00,0.0,0.0,0.0
2021-03-07 11:30:00,0.0,0.0,0.0
2021-03-07 12:00:00,0.0,0.0,0.0
2021-03-07 12:30:00,0.0,0.0,0.0
2021-03-07 13:00:00,0.0,0.0,0.0
2021-03-07 13:30:00,0.0,0.0,0.0
2021-03-07 14:00:00,0.0,0.0,0.0
2021-03-07 14:30:00,0.0,0.0,0.0
2021-03-07 15:00:00,0.0,0.0,0.0
2021-03-07 15:30:00,0.0,0.0,0.0
2021-03-07 16:00:00,0.0,0.0,0.0
2021-03-07 16:30:00,0.0,0.0,0.0
2021-03-07 17:00:00,0.0,0.0,0.0
2021-03-07 17:30:00,0.0,0.0,0.0
2021-03-07 18:00:00,0.0,0.0,0.0
2021-03-07 18:30:00,0.0,0.0,0.0
2021-03-07 19:00:00,0.0,0.0,0.0
2021-03-07 19:30:00,0.0,0.0,0.0
2021-03-07 20:00:00,0.0,0.0,0.0
2021-03-07 20:30:00,0.0,0.0,0.0
2021-03-07 21:00:00,0.0,0.0,0.0
2021-03-07 21:30:00,0.0,0.0,0.0
2021-03-07 22:00:00,0.0,0.0,0.0
2021-03-07 22:30:00,0.0,0.0,0.0
2021-03-07 23:00:00,0.0,0.0,0.0
2021-03-07 23:30:00,0.0,0.0,0.0
2021-03-08 00:00:00,0.0,0.0,0.0
2021-03-08 00:30:00,0.0,0.0,0.0
2021-03-08 01:00:00,0.0,0.0,0.0
2021-03-08 01:30:00,0.0,0.0,0.0
2021-03-08 02:00:00,0.0,0.0,0.0
2021-03-08 02:30:00,0.0,0.0,0.0
2021-03-08 03:00:00,0.0,0.0,0.0
2021-03-08 03:30:00,0.0,0.0,0.0
2021-03-08 04:00:00,0.0,0.0,0.0
2021-03-08 04:30:00,0.0,0.0,0.0
2021-03-08 05:00:00,0.0,0.0,0.0
2021-03-08 05:30:00,0.0,0.0,0.0
2021-03-08 06:00:00,0.0,0.0,0.0
2021-03-08 06:30:00,0.0,0.0,0.0
2021-03-08 07:00:00,0.0,0.0,0.0
2021-03-08 07:30:00,0.0,0.0,0.0
2021-03-08 08:00:00,0.0,0.0,0.0
2021-03-08 08:30:00,0.0,0.0,0.0
2021-03-08 09:00:00,0.0,0.0,0.0
2021-03-08 09:30:00,0.0,0.0,0.0
2021-03-08 10:00:00,0.0,0.0,0.0
2021-03-08 10:30:00,0.0,0.0,0.0
2021-03-08 11:00:00,0.0,0.0,0.0
2021-03-08 11:30:00,0.0,0.0,0.0
2021-03-08 12:00:00,0.0,0.0,0.0
2021-03-08 12:30:00,0.0,0.0,0.0
2021-03-08 13:00:00,0.0,0.0,0.0
2021-03-08 13:30:00,0.0,0.0,0.0
2021-03-08 14:00:00,0.0,0.0,0.0
2021-03-08 14:30:00,0.0,0.0,0.0
2021-03-08 15:00:00,0.0,0.0,0.0
2021-03-08 15:30:00,0.0,0.0,0.0
2021-03-08 16:00:00,0.0,0.0,0.0
2021-03-08 16:30:00,0.0,0.0,0.0
2021-03-08 17:00:00,0.0,0.0,0.0
2021-03-08 17:30:00,0.0,0.0,0.0
2021-03-08 18:00:00,0.0,0.0,0.0
2021-03-08 18:30:00,0.0,0.0,0.0
2021-03-08 19:00:00,0.0,0.0,0.0
2021-03-08 19:30:00,0.0,0.0,0.0
2021-03-08 20:00:00,0.0,0.0,0.0
2021-03-08 20:30:00,0.0,0.0,0.0
2021-03-08 21:00:00,0.0,0.0,0.0
2021-03-08 21:30:00,0.0,0.0,0.0
2021-03-08 22:00:00,0.0,0.0,0.0
2021-03-08 22:30:00,0.074316739996183,1.0,0.5994797854813453
2021-03-08 23:00:00,0.0,0.0,0.0
2021-03-08 23:30:00,0.0,0.0,0.0
2021-03-09 00:00:00,0.0,0.0,0.0
2021-03-09 00:30:00,0.0,0.0,0.0
2021-03-09 01:00:00,0.0,0.0,0.0
2021-03-09 01:30:00,0.0,0.0,0.0
2021-03-09 02:00:00,0.0,0.0,0.0
2021-03-09 02:30:00,0.0,0.0,0.0
2021-03-09 03:00:00,0.0,0.0,0.0
2021-03-09 03:30:00,0.0,0.0,0.0
2021-03-09 04:00:00,0.0,0.0,0.0
2021-03-09 04:30:00,0.0,0.0,0.0
2021-03-09 05:00:00,0.0,0.0,0.0
2021-03-09 05:30:00,0.0,0.0,0.0
2021-03-09 06:00:00,0.0,0.0,0.0
2021-03-09 06:30:00,0.0,0.0,0.0
2021-03-09 07:00:00,0.0,0.0,0.0
2021-03-09 07:30:00,0.12756626360407358,5.0,2.6905049002602492
2021-03-09 08:00:00,0.0,0.0,0.0
2021-03-09 08:30:00,0.0,0.0,0.0
2021-03-09 09:00:00,0.0,0.0,0.0
2021-03-09 09:30:00,0.0,0.0,0.0
2021-03-09 10:00:00,0.0,0.0,0.0
2021-03-09 10:30:00,0.04274808313467218,1.0,0.33147904406568884
2021-03-09 11:00:00,0.0,0.0,0.0
2021-03-09 11:30:00,0.0,0.0,0.0
2021-03-09 12:00:00,0.0,0.0,0.0
2021-03-09 12:30:00,0.0,0.0,0.0
2021-03-09 13:00:00,0.0,0.0,0.0
2021-03-09 13:30:00,0.0,0.0,0.0
2021-03-09 14:00:00,-0.0595059114810063,-2.0,-1.057620779053039
2021-03-09 14:30:00,0.0,0.0,0.0
2021-03-09 15:00:00,0.0,0.0,0.0
2021-03-09 15:30:00,0.0,0.0,0.0
2021-03-09 16:00:00,0.0,0.0,0.0
2021-03-09 16:30:00,0.0,0.0,0.0
2021-03-09 17:00:00,0.0,0.0,0.0
2021-03-09 17:30:00,0.0,0.0,0.0
2021-03-09 18:00:00,0.0334314741431995,0.0,0.18291374189653997
2021-03-09 18:30:00,0.0,0.0,0.0
2021-03-09 19:00:00,0.0,0.0,0.0
2021-03-09 19:30:00,0.0,0.0,0.0
2021-03-09 20:00:00,0.0,0.0,0.0
2021-03-09 20:30:00,0.0,0.0,0.0
2021-03-09 21:00:00,0.0,0.0,0.0
2021-03-09 21:30:00,0.0,0.0,0.0
2021-03-09 22:00:00,0.0,0.0,0.0
2021-03-09 22:30:00,-0.09571800103505126,0.0,-0.1893287268529228
2021-03-09 23:00:00,0.0,0.0,0.0
2021-03-09 23:30:00,0.0,0.0,0.0
2021-03-10 00:00:00,0.0,0.0,0.0
2021-03-10 00:30:00,0.0,0.0,0.0
2021-03-10 01:00:00,0.0,0.0,0.0
2021-03-10 01:30:00,0.0,0.0,0.0
2021-03-10 02:00:00,0.0,0.0,0.0
2021-03-10 02:30:00,0.0,0.0,0.0
2021-03-10 03:00:00,0.0,0.0,0.0
2021-03-10 03:30:00,0.0,0.0,0.0
2021-03-10 04:00:00,0.0,0.0,0.0
2021-03-10 04:30:00,0.0,0.0,0.0
2021-03-10 05:00:00,0.0,0.0,0.0
2021-03-10 05:30:00,0.0,0.0,0.0
2021-03-10 06:00:00,0.0,0.0,0.0
2021-03-10 06:30:00,0.0,0.0,0.0
2021-03-10 07:00:00,0.0,0.0,0.0
2021-03-10 07:30:00,0.12062537165556322,6.0,3.202758696466266
2021-03-10 08:00:00,0.0,0.0,0.0
2021-03-10 08:30:00,0.0,0.0,0.0
2021-03-10 09:00:00,0.0,0.0,0.0
2021-03-10 09:30:00,0.0,0.0,0.0
2021-03-10 10:00:00,0.0,0.0,0.0
2021-03-10 10:30:00,0.019026363315505352,0.0,-0.0016220862167616312
2021-03-10 11:00:00,0.0,0.0,0.0
2021-03-10 11:30:00,0.0,0.0,0.0
2021-03-10 12:00:00,0.0,0.0,0.0
2021-03-10 12:30:00,0.0,0.0,0.0
2021-03-10 13:00:00,0.0,0.0,0.0
2021-03-10 13:30:00,0.0,0.0,0.0
2021-03-10 14:00:00,-0.029144595294552822,0.0,-0.043683394566429
2021-03-10 14:30:00,0.0,0.0,0.0
2021-03-10 15:00:00,0.0,0.0,0.0
2021-03-10 15:30:00,0.0,0.0,0.0
2021-03-10 16:00:00,0.0,0.0,0.0
2021-03-10 16:30:00,0.0,0.0,0.0
2021-03-10 17:00:00,0.0,0.0,0.0
2021-03-10 17:30:00,0.0,0.0,0.0
2021-03-10 18:00:00,0.07799724106116045,7.0,3.6358712222465224
2021-03-10 18:30:00,0.0,0.0,0.0
2021-03-10 19:00:00,0.0,0.0,0.0
2021-03-10 19:30:00,0.0,0.0,0.0
2021-03-10 20:00:00,0.0,0.0,0.0
2021-03-10 20:30:00,0.0,0.0,0.0
2021-03-10 21:00:00,0.0,0.0,0.0
2021-03-10 21:30:00,0.0,0.0,0.0
2021-03-10 22:00:00,0.0,0.0,0.0
2021-03-10 22:30:00,0.055984255968776944,3.0,1.7617833120045998
2021-03-10 23:00:00,0.0,0.0,0.0
2021-03-10 23:30:00,0.0,0.0,0.0
2021-03-11 00:00:00,0.0,0.0,0.0
2021-03-11 00:30:00,0.0,0.0,0.0
2021-03-11 01:00:00,0.0,0.0,0.0
2021-03-11 01:30:00,0.0,0.0,0.0
2021-03-11 02:00:00,0.0,0.0,0.0
2021-03-11 02:30:00,0.0,0.0,0.0
2021-03-11 03:00:00,0.0,0.0,0.0
2021-03-11 03:30:00,0.0,0.0,0.0
2021-03-11 04:00:00,0.0,0.0,0.0
2021-03-11 04:30:00,0.0,0.0,0.0
2021-03-11 05:00:00,0.0,0.0,0.0
2021-03-11 05:30:00,0.0,0.0,0.0
2021-03-11 06:00:00,0.0,0.0,0.0
2021-03-11 06:30:00,0.0,0.0,0.0
2021-03-11 07:00:00,0.0,0.0,0.0
2021-03-11 07:30:00,-0.03523075976663475,-1.0,-0.6345927800053263
2021-03-11 08:00:00,0.0,0.0,0.0
2021-03-11 08:30:00,0.0,0.0,0.0
2021-03-11 09:00:00,0.0,0.0,0.0
2021-03-11 09:30:00,0.0,0.0,0.0
2021-03-11 10:00:00,0.0,0.0,0.0
2021-03-11 10:30:00,0.11221530017259354,7.0,3.729676158593648
2021-03-11 11:00:00,0.0,0.0,0.0
2021-03-11 11:30:00,0.0,0.0,0.0
2021-03-11 12:00:00,0.0,0.0,0.0
2021-03-11 12:30:00,0.0,0.0,0.0
2021-03-11 13:00:00,0.0,0.0,0.0
2021-03-11 13:30:00,0.0,0.0,0.0
2021-03-11 14:00:00,-0.04239741308231351,1.0,0.49516869933393826
2021-03-11 14:30:00,0.0,0.0,0.0
2021-03-11 15:00:00,0.0,0.0,0.0
2021-03-11 15:30:00,0.0,0.0,0.0
2021-03-11 16:00:00,0.0,0.0,0.0
2021-03-11 16:30:00,0.0,0.0,0.0
2021-03-11 17:00:00,0.0,0.0,0.0
2021-03-11 17:30:00,0.0,0.0,0.0
2021-03-11 18:00:00,-0.010389546990766899,0.0,-0.006566896244096121
2021-03-11 18:30:00,0.0,0.0,0.0
2021-03-11 19:00:00,0.0,0.0,0.0
2021-03-11 19:30:00,0.0,0.0,0.0
2021-03-11 20:00:00,0.0,0.0,0.0
2021-03-11 20:30:00,0.0,0.0,0.0
2021-03-11 21:00:00,0.0,0.0,0.0
2021-03-11 21:30:00,0.0,0.0,0.0
2021-03-11 22:00:00,0.0,0.0,0.0
2021-03-11 22:30:00,0.005779439339777023,0.0,-0.035931590931374546
2021-03-11 23:00:00,0.0,0.0,0.0
2021-03-11 23:30:00,0.0,0.0,0.0
2021-03-12 00:00:00,0.0,0.0,0.0
2021-03-12 00:30:00,0.0,0.0,0.0
2021-03-12 01:00:00,0.0,0.0,0.0
2021-03-12 01:30:00,0.0,0.0,0.0
2021-03-12 02:00:00,0.0,0.0,0.0
2021-03-12 02:30:00,0.0,0.0,0.0
2021-03-12 03:00:00,0.0,0.0,0.0
2021-03-12 03:30:00,0.0,0.0,0.0
2021-03-12 04:00:00,0.0,0.0,0.0
2021-03-12 04:30:00,0.0,0.0,0.0
2021-03-12 05:00:00,0.0,0.0,0.0
2021-03-12 05:30:00,0.0,0.0,0.0
2021-03-12 06:00:00,0.0,0.0,0.0
2021-03-12 06:30:00,0.0,0.0,0.0
2021-03-12 07:00:00,0.0,0.0,0.0
2021-03-12 07:30:00,-0.05489536333866623,1.0,0.5276241676968293
2021-03-12 08:00:00,0.0,0.0,0.0
2021-03-12 08:30:00,0.0,0.0,0.0
2021-03-12 09:00:00,0.0,0.0,0.0
2021-03-12 09:30:00,0.0,0.0,0.0
2021-03-12 10:00:00,0.0,0.0,0.0
2021-03-12 10:30:00,0.005653709924039388,3.0,1.699073991629136
2021-03-12 11:00:00,0.0,0.0,0.0
2021-03-12 11:30:00,0.0,0.0,0.0
2021-03-12 12:00:00,0.0,0.0,0.0
2021-03-12 12:30:00,0.0,0.0,0.0
2021-03-12 13:00:00,0.0,0.0,0.0
2021-03-12 13:30:00,0.0,0.0,0.0
2021-03-12 14:00:00,-0.0231038772146631,-1.0,-0.6138872779205842
2021-03-12 14:30:00,0.0,0.0,0.0
2021-03-12 15:00:00,0.0,0.0,0.0
2021-03-12 15:30:00,0.0,0.0,0.0
2021-03-12 16:00:00,0.0,0.0,0.0
2021-03-12 16:30:00,0.0,0.0,0.0
2021-03-12 17:00:00,0.0,0.0,0.0
2021-03-12 17:30:00,0.0,0.0,0.0
2021-03-12 18:00:00,-0.07275730349870599,-3.0,-1.533462568767181
2021-03-12 18:30:00,0.0,0.0,0.0
2021-03-12 19:00:00,0.0,0.0,0.0
2021-03-12 19:30:00,0.0,0.0,0.0
2021-03-12 20:00:00,0.0,0.0,0.0
2021-03-12 20:30:00,0.0,0.0,0.0
2021-03-12 21:00:00,0.0,0.0,0.0
2021-03-12 21:30:00,0.0,0.0,0.0
2021-03-12 22:00:00,0.0,0.0,0.0
2021-03-12 22:30:00,0.0,0.0,0.0
2021-03-12 23:00:00,0.0,0.0,0.0
2021-03-12 23:30:00,0.0,0.0,0.0
2021-03-13 00:00:00,0.0,0.0,0.0
2021-03-13 00:30:00,0.0,0.0,0.0
2021-03-13 01:00:00,0.0,0.0,0.0
2021-03-13 01:30:00,0.0,0.0,0.0
2021-03-13 02:00:00,0.0,0.0,0.0
2021-03-13 02:30:00,0.0,0.0,0.0
2021-03-13 03:00:00,0.0,0.0,0.0
2021-03-13 03:30:00,0.0,0.0,0.0
2021-03-13 04:00:00,0.0,0.0,0.0
2021-03-13 04:30:00,0.0,0.0,0.0
2021-03-13 05:00:00,-0.04248339546552551,-1.0,-0.6463427462834752
2021-03-13 05:30:00,0.0,0.0,0.0
2021-03-13 06:00:00,0.0,0.0,0.0
2021-03-13 06:30:00,0.0,0.0,0.0
2021-03-13 07:00:00,0.0,0.0,0.0
2021-03-13 07:30:00,-0.06701114131675345,-3.0,-1.6857701780990002
2021-03-13 08:00:00,0.0,0.0,0.0
2021-03-13 08:30:00,0.0,0.0,0.0
2021-03-13 09:00:00,0.0,0.0,0.0
2021-03-13 09:30:00,0.0,0.0,0.0
2021-03-13 10:00:00,0.0,0.0,0.0
2021-03-13 10:30:00,-0.023745323073409527,-1.0,-0.494035136951656
2021-03-13 11:00:00,0.0,0.0,0.0
2021-03-13 11:30:00,0.0,0.0,0.0
2021-03-13 12:00:00,0.0,0.0,0.0
2021-03-13 12:30:00,0.0,0.0,0.0
2021-03-13 13:00:00,0.0,0.0,0.0
2021-03-13 13:30:00,0.0,0.0,0.0
2021-03-13 14:00:00,-0.016958582095531728,-1.0,-0.5514341310272463
2021-03-13 14:30:00,0.0,0.0,0.0
2021-03-13 15:00:00,0.0,0.0,0.0
2021-03-13 15:30:00,0.0,0.0,0.0
2021-03-13 16:00:00,0.0,0.0,0.0
2021-03-13 16:30:00,0.0,0.0,0.0
2021-03-13 17:00:00,0.0,0.0,0.0
2021-03-13 17:30:00,0.0,0.0,0.0
2021-03-13 18:00:00,-0.012240055250312774,1.0,0.6345927800053263
2021-03-13 18:30:00,0.0,0.0,0.0
2021-03-13 19:00:00,0.0,0.0,0.0
2021-03-13 19:30:00,0.0,0.0,0.0
2021-03-13 20:00:00,0.0,0.0,0.0
2021-03-13 20:30:00,0.0,0.0,0.0
2021-03-13 21:00:00,0.0,0.0,0.0
2021-03-13 21:30:00,0.0,0.0,0.0
2021-03-13 22:00:00,0.0,0.0,0.0
2021-03-13 22:30:00,0.1443752066764586,7.0,3.6358712222465224
2021-03-13 23:00:00,0.0,0.0,0.0
2021-03-13 23:30:00,0.0,0.0,0.0
2021-03-14 00:00:00,0.0,0.0,0.0
2021-03-14 00:30:00,0.0,0.0,0.0
2021-03-14 01:00:00,0.0,0.0,0.0
2021-03-14 01:30:00,0.0,0.0,0.0
2021-03-14 02:00:00,0.0,0.0,0.0
2021-03-14 02:30:00,0.0,0.0,0.0
2021-03-14 03:00:00,0.0,0.0,0.0
2021-03-14 03:30:00,0.0,0.0,0.0
2021-03-14 04:00:00,0.0,0.0,0.0
2021-03-14 04:30:00,0.0,0.0,0.0
2021-03-14 05:00:00,0.0,0.0,0.0
2021-03-14 05:30:00,0.0,0.0,0.0
2021-03-14 06:00:00,0.0,0.0,0.0
2021-03-14 06:30:00,0.0,0.0,0.0
2021-03-14 07:00:00,0.0,0.0,0.0
2021-03-14 07:30:00,0.050660653718385365,3.0,1.5980936567363506
2021-03-14 08:00:00,0.0,0.0,0.0
2021-03-14 08:30:00,0.0,0.0,0.0
2021-03-14 09:00:00,0.0,0.0,0.0
2021-03-14 09:30:00,0.0,0.0,0.0
2021-03-14 10:00:00,0.0,0.0,0.0
2021-03-14 10:30:00,-0.010981377701046123,0.0,0.016116157477099047
2021-03-14 11:00:00,0.0,0.0,0.0
2021-03-14 11:30:00,0.0,0.0,0.0
2021-03-14 12:00:00,0.0,0.0,0.0
2021-03-14 12:30:00,0.0,0.0,0.0
2021-03-14 13:00:00,0.0,0.0,0.0
2021-03-14 13:30:00,0.0,0.0,0.0
2021-03-14 14:00:00,0.0,0.0,0.0
2021-03-14 14:30:00,0.0,0.0,0.0
2021-03-14 15:00:00,0.0,0.0,0.0
2021-03-14 15:30:00,0.0,0.0,0.0
2021-03-14 16:00:00,0.0,0.0,0.0
2021-03-14 16:30:00,0.0,0.0,0.0
2021-03-14 17:00:00,0.0,0.0,0.0
2021-03-14 17:30:00,0.0,0.0,0.0
2021-03-14 18:00:00,0.0,0.0,0.0
2021-03-14 18:30:00,0.0,0.0,0.0
2021-03-14 19:00:00,0.0,0.0,0.0
2021-03-14 19:30:00,0.0,0.0,0.0
2021-03-14 20:00:00,0.0,0.0,0.0
2021-03-14 20:30:00,0.0,0.0,0.0
2021-03-14 21:00:00,0.0,0.0,0.0
2021-03-14 21:30:00,0.0,0.0,0.0
2021-03-14 22:00:00,0.0,0.0,0.0
2021-03-14 22:30:00,0.09033987690590256,7.0,3.744339824515013
2021-03-14 23:00:00,0.0,0.0,0.0
2021-03-14 23:30:00,0.0,0.0,0.0
2021-03-15 00:00:00,0.0,0.0,0.0
2021-03-15 00:30:00,0.0,0.0,0.0
2021-03-15 01:00:00,0.0,0.0,0.0
2021-03-15 01:30:00,0.0,0.0,0.0
2021-03-15 02:00:00,0.0,0.0,0.0
2021-03-15 02:30:00,0.0,0.0,0.0
2021-03-15 03:00:00,0.0,0.0,0.0
2021-03-15 03:30:00,0.0,0.0,0.0
2021-03-15 04:00:00,0.0,0.0,0.0
2021-03-15 04:30:00,0.0,0.0,0.0
2021-03-15 05:00:00,0.0,0.0,0.0
2021-03-15 05:30:00,0.0,0.0,0.0
2021-03-15 06:00:00,0.0,0.0,0.0
2021-03-15 06:30:00,0.0,0.0,0.0
2021-03-15 07:00:00,0.0,0.0,0.0
2021-03-15 07:30:00,0.03002732553675181,5.0,2.6905049002602492
2021-03-15 08:00:00,0.0,0.0,0.0
2021-03-15 08:30:00,0.0,0.0,0.0
2021-03-15 09:00:00,0.0,0.0,0.0
2021-03-15 09:30:00,0.0,0.0,0.0
2021-03-15 10:00:00,0.0,0.0,0.0
2021-03-15 10:30:00,0.023126937155837718,-1.0,-0.6463427462834752
2021-03-15 11:00:00,0.0,0.0,0.0
2021-03-15 11:30:00,0.0,0.0,0.0
2021-03-15 12:00:00,0.0,0.0,0.0
2021-03-15 12:30:00,0.0,0.0,0.0
2021-03-15 13:00:00,0.0,0.0,0.0
2021-03-15 13:30:00,0.0,0.0,0.0
2021-03-15 14:00:00,-0.004142646567697989,1.0,0.6932847218284713
2021-03-15 14:30:00,0.0,0.0,0.0
2021-03-15 15:00:00,0.0,0.0,0.0
2021-03-15 15:30:00,0.0,0.0,0.0
2021-03-15 16:00:00,0.0,0.0,0.0
2021-03-15 16:30:00,0.0,0.0,0.0
2021-03-15 17:00:00,0.0,0.0,0.0
2021-03-15 17:30:00,0.0,0.0,0.0
2021-03-15 18:00:00,0.0,0.0,0.0
2021-03-15 18:30:00,0.0,0.0,0.0
2021-03-15 19:00:00,0.0,0.0,0.0
2021-03-15 19:30:00,0.0,0.0,0.0
2021-03-15 20:00:00,0.0,0.0,0.0
2021-03-15 20:30:00,0.0,0.0,0.0
2021-03-15 21:00:00,0.0,0.0,0.0
2021-03-15 21:30:00,0.0,0.0,0.0
2021-03-15 22:00:00,0.0,0.0,0.0
2021-03-15 22:30:00,0.0,0.0,0.0
2021-03-15 23:00:00,0.0,0.0,0.0
2021-03-15 23:30:00,0.0,0.0,0.0
2021-03-16 00:00:00,0.0,0.0,0.0
2021-03-16 00:30:00,0.0,0.0,0.0
2021-03-16 01:00:00,0.0,0.0,0.0
2021-03-16 01:30:00,0.0,0.0,0.0
2021-03-16 02:00:00,0.0,0.0,0.0
2021-03-16 02:30:00,0.0,0.0,0.0
2021-03-16 03:00:00,0.0,0.0,0.0
2021-03-16 03:30:00,0.0,0.0,0.0
2021-03-16 04:00:00,0.0,0.0,0.0
2021-03-16 04:30:00,0.0,0.0,0.0
2021-03-16 05:00:00,0.0,0.0,0.0
2021-03-16 05:30:00,0.0,0.0,0.0
2021-03-16 06:00:00,0.0,0.0,0.0
2021-03-16 06:30:00,0.0,0.0,0.0
2021-03-16 07:00:00,0.0,0.0,0.0
2021-03-16 07:30:00,0.0,0.0,0.0
2021-03-16 08:00:00,0.0,0.0,0.0
2021-03-16 08:30:00,0.0,0.0,0.0
2021-03-16 09:00:00,0.0,0.0,0.0
2021-03-16 09:30:00,0.0,0.0,0.0
2021-03-16 10:00:00,0.0,0.0,0.0
2021-03-16 10:30:00,0.0,0.0,0.0
2021-03-16 11:00:00,0.0,0.0,0.0
2021-03-16 11:30:00,0.0,0.0,0.0
2021-03-16 12:00:00,0.0,0.0,0.0
2021-03-16 12:30:00,0.0,0.0,0.0
2021-03-16 13:00:00,0.0,0.0,0.0
2021-03-16 13:30:00,0.0,0.0,0.0
2021-03-16 14:00:00,0.0,0.0,0.0
2021-03-16 14:30:00,0.0,0.0,0.0
2021-03-16 15:00:00,0.0,0.0,0.0
2021-03-16 15:30:00,0.0,0.0,0.0
2021-03-16 16:00:00,0.0,0.0,0.0
2021-03-16 16:30:00,0.0,0.0,0.0
2021-03-16 17:00:00,0.0,0.0,0.0
2021-03-16 17:30:00,0.0,0.0,0.0
2021-03-16 18:00:00,0.0,0.0,0.0
2021-03-16 18:30:00,0.0,0.0,0.0
2021-03-16 19:00:00,0.0,0.0,0.0
2021-03-16 19:30:00,0.0,0.0,0.0
2021-03-16 20:00:00,0.0,0.0,0.0
2021-03-16 20:30:00,0.0,0.0,0.0
2021-03-16 21:00:00,0.0,0.0,0.0
2021-03-16 21:30:00,0.0,0.0,0.0
2021-03-16 22:00:00,0.0,0.0,0.0
2021-03-16 22:30:00,0.02331426698159465,5.0,2.7143750751113913
2021-03-16 23:00:00,0.0,0.0,0.0
2021-03-16 23:30:00,0.0,0.0,0.0
2021-03-17 00:00:00,0.0,0.0,0.0
2021-03-17 00:30:00,0.0,0.0,0.0
2021-03-17 01:00:00,0.0,0.0,0.0
2021-03-17 01:30:00,0.0,0.0,0.0
2021-03-17 02:00:00,0.0,0.0,0.0
2021-03-17 02:30:00,0.0,0.0,0.0
2021-03-17 03:00:00,-0.0469292760784304,0.0,0.06899334785683975
2021-03-17 03:30:00,0.0,0.0,0.0
2021-03-17 04:00:00,0.0,0.0,0.0
2021-03-17 04:30:00,0.0,0.0,0.0
2021-03-17 05:00:00,0.08136455544697041,5.0,2.571530148191477
2021-03-17 05:30:00,0.0,0.0,0.0
2021-03-17 06:00:00,0.0,0.0,0.0
2021-03-17 06:30:00,0.0,0.0,0.0
2021-03-17 07:00:00,0.0,0.0,0.0
2021-03-17 07:30:00,-0.0145856221297169,3.0,1.4529614459501907
2021-03-17 08:00:00,0.0,0.0,0.0
2021-03-17 08:30:00,0.0,0.0,0.0
2021-03-17 09:00:00,0.0,0.0,0.0
2021-03-17 09:30:00,0.0,0.0,0.0
2021-03-17 10:00:00,0.0,0.0,0.0
2021-03-17 10:30:00,0.04881197451906547,7.0,3.832016345877663
2021-03-17 11:00:00,0.0,0.0,0.0
2021-03-17 11:30:00,0.0,0.0,0.0
2021-03-17 12:00:00,0.0,0.0,0.0
2021-03-17 12:30:00,0.0,0.0,0.0
2021-03-17 13:00:00,0.0,0.0,0.0
2021-03-17 13:30:00,0.0,0.0,0.0
2021-03-17 14:00:00,0.10226351111970529,8.0,4.2463689564197225
2021-03-17 14:30:00,0.0,0.0,0.0
2021-03-17 15:00:00,0.0,0.0,0.0
2021-03-17 15:30:00,0.0,0.0,0.0
2021-03-17 16:00:00,0.0,0.0,0.0
2021-03-17 16:30:00,0.0,0.0,0.0
2021-03-17 17:00:00,0.0,0.0,0.0
2021-03-17 17:30:00,0.0,0.0,0.0
2021-03-17 18:00:00,0.062416169613583865,7.0,3.7632651893388216
2021-03-17 18:30:00,0.0,0.0,0.0
2021-03-17 19:00:00,0.0,0.0,0.0
2021-03-17 19:30:00,0.0,0.0,0.0
2021-03-17 20:00:00,0.0,0.0,0.0
2021-03-17 20:30:00,0.0,0.0,0.0
2021-03-17 21:00:00,0.0,0.0,0.0
2021-03-17 21:30:00,0.0,0.0,0.0
2021-03-17 22:00:00,0.0,0.0,0.0
2021-03-17 22:30:00,0.06260324282894321,5.0,2.622857422630511
2021-03-17 23:00:00,0.0,0.0,0.0
2021-03-17 23:30:00,0.0,0.0,0.0
2021-03-18 00:00:00,0.0,0.0,0.0
2021-03-18 00:30:00,0.0,0.0,0.0
2021-03-18 01:00:00,0.0,0.0,0.0
2021-03-18 01:30:00,0.0,0.0,0.0
2021-03-18 02:00:00,0.0,0.0,0.0
2021-03-18 02:30:00,0.0,0.0,0.0
2021-03-18 03:00:00,0.0,0.0,0.0
2021-03-18 03:30:00,0.0,0.0,0.0
2021-03-18 04:00:00,0.0,0.0,0.0
2021-03-18 04:30:00,0.0,0.0,0.0
2021-03-18 05:00:00,0.0,0.0,0.0
2021-03-18 05:30:00,0.0,0.0,0.0
2021-03-18 06:00:00,0.0,0.0,0.0
2021-03-18 06:30:00,0.0,0.0,0.0
2021-03-18 07:00:00,0.0,0.0,0.0
2021-03-18 07:30:00,-0.011216991472283977,3.0,1.659443124720585
2021-03-18 08:00:00,0.0,0.0,0.0
2021-03-18 08:30:00,0.0,0.0,0.0
2021-03-18 09:00:00,0.0,0.0,0.0
2021-03-18 09:30:00,0.0,0.0,0.0
2021-03-18 10:00:00,0.0,0.0,0.0
2021-03-18 10:30:00,-0.016887155771274018,1.0,0.41353401413466573
2021-03-18 11:00:00,0.0,0.0,0.0
2021-03-18 11:30:00,0.0,0.0,0.0
2021-03-18 12:00:00,0.0,0.0,0.0
2021-03-18 12:30:00,0.0,0.0,0.0
2021-03-18 13:00:00,0.0,0.0,0.0
2021-03-18 13:30:00,0.0,0.0,0.0
2021-03-18 14:00:00,0.010024675546941517,3.0,1.423890287589587
2021-03-18 14:30:00,0.0,0.0,0.0
2021-03-18 15:00:00,0.0,0.0,0.0
2021-03-18 15:30:00,0.0,0.0,0.0
2021-03-18 16:00:00,0.0,0.0,0.0
2021-03-18 16:30:00,0.0,0.0,0.0
2021-03-18 17:00:00,0.0,0.0,0.0
2021-03-18 17:30:00,0.0,0.0,0.0
2021-03-18 18:00:00,-0.035180235976898275,1.0,0.6391106523898963
2021-03-18 18:30:00,0.0,0.0,0.0
2021-03-18 19:00:00,0.0,0.0,0.0
2021-03-18 19:30:00,0.0,0.0,0.0
2021-03-18 20:00:00,0.0,0.0,0.0
2021-03-18 20:30:00,0.0,0.0,0.0
2021-03-18 21:00:00,0.0,0.0,0.0
2021-03-18 21:30:00,0.0,0.0,0.0
2021-03-18 22:00:00,0.0,0.0,0.0
2021-03-18 22:30:00,0.060600026129887734,5.0,2.8261779448073105
2021-03-18 23:00:00,0.0,0.0,0.0
2021-03-18 23:30:00,0.0,0.0,0.0
2021-03-19 00:00:00,0.0,0.0,0.0
2021-03-19 00:30:00,0.0,0.0,0.0
2021-03-19 01:00:00,0.0,0.0,0.0
2021-03-19 01:30:00,0.0,0.0,0.0
2021-03-19 02:00:00,0.0,0.0,0.0
2021-03-19 02:30:00,0.0,0.0,0.0
2021-03-19 03:00:00,0.0,0.0,0.0
2021-03-19 03:30:00,0.0,0.0,0.0
2021-03-19 04:00:00,0.0,0.0,0.0
2021-03-19 04:30:00,0.0,0.0,0.0
2021-03-19 05:00:00,0.0180965882212932,7.0,3.729676158593648
2021-03-19 05:30:00,0.0,0.0,0.0
2021-03-19 06:00:00,0.0,0.0,0.0
2021-03-19 06:30:00,0.0,0.0,0.0
2021-03-19 07:00:00,0.0,0.0,0.0
2021-03-19 07:30:00,0.08877485104989892,5.0,2.565488312028099
2021-03-19 08:00:00,0.0,0.0,0.0
2021-03-19 08:30:00,0.0,0.0,0.0
2021-03-19 09:00:00,0.0,0.0,0.0
2021-03-19 09:30:00,0.0,0.0,0.0
2021-03-19 10:00:00,0.0,0.0,0.0
2021-03-19 10:30:00,0.050020320073724804,1.0,0.5012971143184141
2021-03-19 11:00:00,0.0,0.0,0.0
2021-03-19 11:30:00,0.0,0.0,0.0
2021-03-19 12:00:00,0.0,0.0,0.0
2021-03-19 12:30:00,0.0,0.0,0.0
2021-03-19 13:00:00,0.0,0.0,0.0
2021-03-19 13:30:00,0.0,0.0,0.0
2021-03-19 14:00:00,0.05829495434271196,7.0,3.729676158593648
2021-03-19 14:30:00,0.0,0.0,0.0
2021-03-19 15:00:00,0.0,0.0,0.0
2021-03-19 15:30:00,0.0,0.0,0.0
2021-03-19 16:00:00,0.0,0.0,0.0
2021-03-19 16:30:00,0.0,0.0,0.0
2021-03-19 17:00:00,0.0,0.0,0.0
2021-03-19 17:30:00,0.0,0.0,0.0
2021-03-19 18:00:00,0.01209865255696978,4.0,2.0927372959895703
2021-03-19 18:30:00,0.0,0.0,0.0
2021-03-19 19:00:00,0.0,0.0,0.0
2021-03-19 19:30:00,0.0,0.0,0.0
2021-03-19 20:00:00,0.0,0.0,0.0
2021-03-19 20:30:00,0.0,0.0,0.0
2021-03-19 21:00:00,0.0,0.0,0.0
2021-03-19 21:30:00,0.0,0.0,0.0
2021-03-19 22:00:00,0.0,0.0,0.0
2021-03-19 22:30:00,0.0,0.0,0.0
2021-03-19 23:00:00,0.0,0.0,0.0
2021-03-19 23:30:00,0.0,0.0,0.0
2021-03-20 00:00:00,0.0,0.0,0.0
2021-03-20 00:30:00,0.0,0.0,0.0
2021-03-20 01:00:00,0.0,0.0,0.0
2021-03-20 01:30:00,0.0,0.0,0.0
2021-03-20 02:00:00,0.0,0.0,0.0
2021-03-20 02:30:00,0.0,0.0,0.0
2021-03-20 03:00:00,0.0,0.0,0.0
2021-03-20 03:30:00,0.0,0.0,0.0
2021-03-20 04:00:00,0.0,0.0,0.0
2021-03-20 04:30:00,0.0,0.0,0.0
2021-03-20 05:00:00,0.0,0.0,0.0
2021-03-20 05:30:00,0.0,0.0,0.0
2021-03-20 06:00:00,0.0,0.0,0.0
2021-03-20 06:30:00,0.0,0.0,0.0
2021-03-20 07:00:00,0.0,0.0,0.0
2021-03-20 07:30:00,0.0,0.0,0.0
2021-03-20 08:00:00,0.0,0.0,0.0
2021-03-20 08:30:00,0.0,0.0,0.0
2021-03-20 09:00:00,0.0,0.0,0.0
2021-03-20 09:30:00,0.0,0.0,0.0
2021-03-20 10:00:00,0.0,0.0,0.0
2021-03-20 10:30:00,0.04075771020754203,3.0,1.5834299908149858
2021-03-20 11:00:00,0.0,0.0,0.0
2021-03-20 11:30:00,0.0,0.0,0.0
2021-03-20 12:00:00,0.0,0.0,0.0
2021-03-20 12:30:00,0.0,0.0,0.0
2021-03-20 13:00:00,0.0,0.0,0.0
2021-03-20 13:30:00,0.0,0.0,0.0
2021-03-20 14:00:00,0.03554328619563913,0.0,-0.004362259887670028
2021-03-20 14:30:00,0.0,0.0,0.0
2021-03-20 15:00:00,0.0,0.0,0.0
2021-03-20 15:30:00,0.0,0.0,0.0
2021-03-20 16:00:00,0.0,0.0,0.0
2021-03-20 16:30:00,0.0,0.0,0.0
2021-03-20 17:00:00,0.0,0.0,0.0
2021-03-20 17:30:00,0.0,0.0,0.0
2021-03-20 18:00:00,0.046438899407155336,1.0,0.5442587324815867
2021-03-20 18:30:00,0.0,0.0,0.0
2021-03-20 19:00:00,0.0,0.0,0.0
2021-03-20 19:30:00,0.0,0.0,0.0
2021-03-20 20:00:00,0.0,0.0,0.0
2021-03-20 20:30:00,0.0,0.0,0.0
2021-03-20 21:00:00,0.0,0.0,0.0
2021-03-20 21:30:00,0.0,0.0,0.0
2021-03-20 22:00:00,0.0,0.0,0.0
2021-03-20 22:30:00,0.08028098629834905,6.0,3.2123494656192335
2021-03-20 23:00:00,0.0,0.0,0.0
2021-03-20 23:30:00,0.0,0.0,0.0
2021-03-21 00:00:00,0.0,0.0,0.0
2021-03-21 00:30:00,0.0,0.0,0.0
2021-03-21 01:00:00,0.0,0.0,0.0
2021-03-21 01:30:00,0.0,0.0,0.0
2021-03-21 02:00:00,0.0,0.0,0.0
2021-03-21 02:30:00,0.0,0.0,0.0
2021-03-21 03:00:00,0.0,0.0,0.0
2021-03-21 03:30:00,0.0,0.0,0.0
2021-03-21 04:00:00,0.0,0.0,0.0
2021-03-21 04:30:00,0.0,0.0,0.0
2021-03-21 05:00:00,0.0,0.0,0.0
2021-03-21 05:30:00,0.0,0.0,0.0
2021-03-21 06:00:00,0.0,0.0,0.0
2021-03-21 06:30:00,0.0,0.0,0.0
2021-03-21 07:00:00,0.0,0.0,0.0
2021-03-21 07:30:00,0.0853080488406941,4.0,2.120301016906094
2021-03-21 08:00:00,0.0,0.0,0.0
2021-03-21 08:30:00,0.0,0.0,0.0
2021-03-21 09:00:00,0.0,0.0,0.0
2021-03-21 09:30:00,0.0,0.0,0.0
2021-03-21 10:00:00,0.0,0.0,0.0
2021-03-21 10:30:00,0.0,0.0,0.0
2021-03-21 11:00:00,0.0,0.0,0.0
2021-03-21 11:30:00,0.0,0.0,0.0
2021-03-21 12:00:00,0.0,0.0,0.0
2021-03-21 12:30:00,0.0,0.0,0.0
2021-03-21 13:00:00,0.0,0.0,0.0
2021-03-21 13:30:00,0.0,0.0,0.0
2021-03-21 14:00:00,0.0,0.0,0.0
2021-03-21 14:30:00,0.0,0.0,0.0
2021-03-21 15:00:00,0.0,0.0,0.0
2021-03-21 15:30:00,0.0,0.0,0.0
2021-03-21 16:00:00,0.0,0.0,0.0
2021-03-21 16:30:00,0.0,0.0,0.0
2021-03-21 17:00:00,0.0,0.0,0.0
2021-03-21 17:30:00,0.0,0.0,0.0
2021-03-21 18:00:00,0.0,0.0,0.0
2021-03-21 18:30:00,0.0,0.0,0.0
2021-03-21 19:00:00,0.0,0.0,0.0
2021-03-21 19:30:00,0.0,0.0,0.0
2021-03-21 20:00:00,0.0,0.0,0.0
2021-03-21 20:30:00,0.0,0.0,0.0
2021-03-21 21:00:00,0.0,0.0,0.0
2021-03-21 21:30:00,0.0,0.0,0.0
2021-03-21 22:00:00,0.0,0.0,0.0
2021-03-21 22:30:00,0.07092273188628581,3.0,1.5509745224520946
2021-03-21 23:00:00,0.0,0.0,0.0
2021-03-21 23:30:00,0.0,0.0,0.0
2021-03-22 00:00:00,0.0,0.0,0.0
2021-03-22 00:30:00,0.0,0.0,0.0
2021-03-22 01:00:00,0.0,0.0,0.0
2021-03-22 01:30:00,0.0,0.0,0.0
2021-03-22 02:00:00,0.0,0.0,0.0
2021-03-22 02:30:00,0.0,0.0,0.0
2021-03-22 03:00:00,-0.02680530769518943,1.0,0.40749217797128856
2021-03-22 03:30:00,0.0,0.0,0.0
2021-03-22 04:00:00,0.0,0.0,0.0
2021-03-22 04:30:00,0.0,0.0,0.0
2021-03-22 05:00:00,0.05701189048507638,3.0,1.5761978969214065
2021-03-22 05:30:00,0.0,0.0,0.0
2021-03-22 06:00:00,0.0,0.0,0.0
2021-03-22 06:30:00,0.0,0.0,0.0
2021-03-22 07:00:00,0.0,0.0,0.0
2021-03-22 07:30:00,0.019313159658918513,0.0,-0.00378585479827509
2021-03-22 08:00:00,0.0,0.0,0.0
2021-03-22 08:30:00,0.0,0.0,0.0
2021-03-22 09:00:00,0.0,0.0,0.0
2021-03-22 09:30:00,0.0,0.0,0.0
2021-03-22 10:00:00,0.0,0.0,0.0
2021-03-22 10:30:00,0.015963807188924484,1.0,0.6067118793749247
2021-03-22 11:00:00,0.0,0.0,0.0
2021-03-22 11:30:00,0.0,0.0,0.0
2021-03-22 12:00:00,0.0,0.0,0.0
2021-03-22 12:30:00,0.0,0.0,0.0
2021-03-22 13:00:00,0.0,0.0,0.0
2021-03-22 13:30:00,0.0,0.0,0.0
2021-03-22 14:00:00,0.10065402872370731,4.0,2.050959815975085
2021-03-22 14:30:00,0.0,0.0,0.0
2021-03-22 15:00:00,0.0,0.0,0.0
2021-03-22 15:30:00,0.0,0.0,0.0
2021-03-22 16:00:00,0.0,0.0,0.0
2021-03-22 16:30:00,0.0,0.0,0.0
2021-03-22 17:00:00,0.0,0.0,0.0
2021-03-22 17:30:00,0.0,0.0,0.0
2021-03-22 18:00:00,0.08557860046156297,2.0,1.1222144194707964
2021-03-22 18:30:00,0.0,0.0,0.0
2021-03-22 19:00:00,0.0,0.0,0.0
2021-03-22 19:30:00,0.0,0.0,0.0
2021-03-22 20:00:00,0.0,0.0,0.0
2021-03-22 20:30:00,0.0,0.0,0.0
2021-03-22 21:00:00,0.0,0.0,0.0
2021-03-22 21:30:00,0.0,0.0,0.0
2021-03-22 22:00:00,0.0,0.0,0.0
2021-03-22 22:30:00,-0.07761014682262161,0.0,-0.07444513962804933
2021-03-22 23:00:00,0.0,0.0,0.0
2021-03-22 23:30:00,0.0,0.0,0.0
2021-03-23 00:00:00,0.0,0.0,0.0
2021-03-23 00:30:00,0.0,0.0,0.0
2021-03-23 01:00:00,0.0,0.0,0.0
2021-03-23 01:30:00,0.0,0.0,0.0
2021-03-23 02:00:00,0.0,0.0,0.0
2021-03-23 02:30:00,0.0,0.0,0.0
2021-03-23 03:00:00,0.0,0.0,0.0
2021-03-23 03:30:00,0.0,0.0,0.0
2021-03-23 04:00:00,0.0,0.0,0.0
2021-03-23 04:30:00,0.0,0.0,0.0
2021-03-23 05:00:00,0.0029495057149675694,-1.0,-0.6056082004658213
2021-03-23 05:30:00,0.0,0.0,0.0
2021-03-23 06:00:00,0.0,0.0,0.0
2021-03-23 06:30:00,0.0,0.0,0.0
2021-03-23 07:00:00,0.0,0.0,0.0
2021-03-23 07:30:00,0.0,0.0,0.0
2021-03-23 08:00:00,0.0,0.0,0.0
2021-03-23 08:30:00,0.0,0.0,0.0
2021-03-23 09:00:00,0.0,0.0,0.0
2021-03-23 09:30:00,0.0,0.0,0.0
2021-03-23 10:00:00,0.0,0.0,0.0
2021-03-23 10:30:00,0.0,0.0,0.0
2021-03-23 11:00:00,0.0,0.0,0.0
2021-03-23 11:30:00,0.0,0.0,0.0
2021-03-23 12:00:00,0.0,0.0,0.0
2021-03-23 12:30:00,0.0,0.0,0.0
2021-03-23 13:00:00,0.0,0.0,0.0
2021-03-23 13:30:00,0.0,0.0,0.0
2021-03-23 14:00:00,0.0,0.0,0.0
2021-03-23 14:30:00,0.0,0.0,0.0
2021-03-23 15:00:00,0.0,0.0,0.0
2021-03-23 15:30:00,0.0,0.0,0.0
2021-03-23 16:00:00,0.0,0.0,0.0
2021-03-23 16:30:00,0.0,0.0,0.0
2021-03-23 17:00:00,0.0,0.0,0.0
2021-03-23 17:30:00,0.0,0.0,0.0
2021-03-23 18:00:00,0.0,0.0,0.0
2021-03-23 18:30:00,0.0,0.0,0.0
2021-03-23 19:00:00,0.0,0.0,0.0
2021-03-23 19:30:00,0.0,0.0,0.0
2021-03-23 20:00:00,0.0,0.0,0.0
2021-03-23 20:30:00,0.0,0.0,0.0
2021-03-23 21:00:00,0.0,0.0,0.0
2021-03-23 21:30:00,0.0,0.0,0.0
2021-03-23 22:00:00,0.0,0.0,0.0
2021-03-23 22:30:00,0.0,0.0,0.0
2021-03-23 23:00:00,0.0,0.0,0.0
2021-03-23 23:30:00,0.0,0.0,0.0
2021-03-24 00:00:00,0.0,0.0,0.0
2021-03-24 00:30:00,0.0,0.0,0.0
2021-03-24 01:00:00,0.0,0.0,0.0
2021-03-24 01:30:00,0.0,0.0,0.0
2021-03-24 02:00:00,0.0,0.0,0.0
2021-03-24 02:30:00,0.0,0.0,0.0
2021-03-24 03:00:00,0.0,0.0,0.0
2021-03-24 03:30:00,0.0,0.0,0.0
2021-03-24 04:00:00,0.0,0.0,0.0
2021-03-24 04:30:00,0.0,0.0,0.0
2021-03-24 05:00:00,0.0,0.0,0.0
2021-03-24 05:30:00,0.0,0.0,0.0
2021-03-24 06:00:00,0.0,0.0,0.0
2021-03-24 06:30:00,0.0,0.0,0.0
2021-03-24 07:00:00,0.0,0.0,0.0
2021-03-24 07:30:00,0.0,0.0,0.0
2021-03-24 08:00:00,0.0,0.0,0.0
2021-03-24 08:30:00,0.0,0.0,0.0
2021-03-24 09:00:00,0.0,0.0,0.0
2021-03-24 09:30:00,0.0,0.0,0.0
2021-03-24 10:00:00,0.0,0.0,0.0
2021-03-24 10:30:00,0.0,0.0,0.0
2021-03-24 11:00:00,0.0,0.0,0.0
2021-03-24 11:30:00,0.0,0.0,0.0
2021-03-24 12:00:00,0.0,0.0,0.0
2021-03-24 12:30:00,0.0,0.0,0.0
2021-03-24 13:00:00,0.0,0.0,0.0
2021-03-24 13:30:00,0.0,0.0,0.0
2021-03-24 14:00:00,0.06429663202125789,4.0,2.168873945179901
2021-03-24 14:30:00,0.0,0.0,0.0
2021-03-24 15:00:00,0.0,0.0,0.0
2021-03-24 15:30:00,0.0,0.0,0.0
2021-03-24 16:00:00,0.0,0.0,0.0
2021-03-24 16:30:00,0.0,0.0,0.0
2021-03-24 17:00:00,0.0,0.0,0.0
2021-03-24 17:30:00,0.0,0.0,0.0
2021-03-24 18:00:00,0.0887220589261375,6.0,3.1594722752394926
2021-03-24 18:30:00,0.0,0.0,0.0
2021-03-24 19:00:00,0.0,0.0,0.0
2021-03-24 19:30:00,0.0,0.0,0.0
2021-03-24 20:00:00,0.0,0.0,0.0
2021-03-24 20:30:00,0.0,0.0,0.0
2021-03-24 21:00:00,0.0,0.0,0.0
2021-03-24 21:30:00,0.0,0.0,0.0
2021-03-24 22:00:00,0.0,0.0,0.0
2021-03-24 22:30:00,0.058058165298149396,1.0,0.519035358012275
2021-03-24 23:00:00,0.0,0.0,0.0
2021-03-24 23:30:00,0.0,0.0,0.0
2021-03-25 00:00:00,0.0,0.0,0.0
2021-03-25 00:30:00,0.0,0.0,0.0
2021-03-25 01:00:00,0.0,0.0,0.0
2021-03-25 01:30:00,0.0,0.0,0.0
2021-03-25 02:00:00,0.0,0.0,0.0
2021-03-25 02:30:00,0.0,0.0,0.0
2021-03-25 03:00:00,0.0,0.0,0.0
2021-03-25 03:30:00,0.0,0.0,0.0
2021-03-25 04:00:00,0.0,0.0,0.0
2021-03-25 04:30:00,0.0,0.0,0.0
2021-03-25 05:00:00,0.03069357030944589,4.0,2.044612686064095
2021-03-25 05:30:00,0.0,0.0,0.0
2021-03-25 06:00:00,0.0,0.0,0.0
2021-03-25 06:30:00,0.0,0.0,0.0
2021-03-25 07:00:00,0.0,0.0,0.0
2021-03-25 07:30:00,-0.006286648144585982,-1.0,-0.6463427462834752
2021-03-25 08:00:00,0.0,0.0,0.0
2021-03-25 08:30:00,0.0,0.0,0.0
2021-03-25 09:00:00,0.0,0.0,0.0
2021-03-25 09:30:00,0.0,0.0,0.0
2021-03-25 10:00:00,0.0,0.0,0.0
2021-03-25 10:30:00,0.05130542523664187,7.0,3.6358712222465224
2021-03-25 11:00:00,0.0,0.0,0.0
2021-03-25 11:30:00,0.0,0.0,0.0
2021-03-25 12:00:00,0.0,0.0,0.0
2021-03-25 12:30:00,0.0,0.0,0.0
2021-03-25 13:00:00,0.0,0.0,0.0
2021-03-25 13:30:00,0.0,0.0,0.0
2021-03-25 14:00:00,0.035651234595412556,5.0,2.63003282117617
2021-03-25 14:30:00,0.0,0.0,0.0
2021-03-25 15:00:00,0.0,0.0,0.0
2021-03-25 15:30:00,0.0,0.0,0.0
2021-03-25 16:00:00,0.0,0.0,0.0
2021-03-25 16:30:00,0.0,0.0,0.0
2021-03-25 17:00:00,0.0,0.0,0.0
2021-03-25 17:30:00,0.0,0.0,0.0
2021-03-25 18:00:00,0.025021907942210608,3.0,1.533462568767181
2021-03-25 18:30:00,0.0,0.0,0.0
2021-03-25 19:00:00,0.0,0.0,0.0
2021-03-25 19:30:00,0.0,0.0,0.0
2021-03-25 20:00:00,0.0,0.0,0.0
2021-03-25 20:30:00,0.0,0.0,0.0
2021-03-25 21:00:00,0.0,0.0,0.0
2021-03-25 21:30:00,0.0,0.0,0.0
2021-03-25 22:00:00,0.0,0.0,0.0
2021-03-25 22:30:00,-0.01676699330188071,1.0,0.6432086831973132
2021-03-25 23:00:00,0.0,0.0,0.0
2021-03-25 23:30:00,0.0,0.0,0.0
2021-03-26 00:00:00,0.0,0.0,0.0
2021-03-26 00:30:00,0.0,0.0,0.0
2021-03-26 01:00:00,0.0,0.0,0.0
2021-03-26 01:30:00,0.0,0.0,0.0
2021-03-26 02:00:00,0.0,0.0,0.0
2021-03-26 02:30:00,0.0,0.0,0.0
2021-03-26 03:00:00,-0.018176864729425975,1.0,0.4003167794256288
2021-03-26 03:30:00,0.0,0.0,0.0
2021-03-26 04:00:00,0.0,0.0,0.0
2021-03-26 04:30:00,0.0,0.0,0.0
2021-03-26 05:00:00,0.05303548176801113,3.0,1.5426088661762334
2021-03-26 05:30:00,0.0,0.0,0.0
2021-03-26 06:00:00,0.0,0.0,0.0
2021-03-26 06:30:00,0.0,0.0,0.0
2021-03-26 07:00:00,0.0,0.0,0.0
2021-03-26 07:30:00,-0.03682357828151079,-2.0,-1.057674438743846
2021-03-26 08:00:00,0.0,0.0,0.0
2021-03-26 08:30:00,0.0,0.0,0.0
2021-03-26 09:00:00,0.0,0.0,0.0
2021-03-26 09:30:00,0.0,0.0,0.0
2021-03-26 10:00:00,0.0,0.0,0.0
2021-03-26 10:30:00,0.01715214054304689,1.0,0.6141970101503759
2021-03-26 11:00:00,0.0,0.0,0.0
2021-03-26 11:30:00,0.0,0.0,0.0
2021-03-26 12:00:00,0.0,0.0,0.0
2021-03-26 12:30:00,0.0,0.0,0.0
2021-03-26 13:00:00,0.0,0.0,0.0
2021-03-26 13:30:00,0.0,0.0,0.0
2021-03-26 14:00:00,0.03880131052607372,3.0,1.5385779330280047
2021-03-26 14:30:00,0.0,0.0,0.0
2021-03-26 15:00:00,0.0,0.0,0.0
2021-03-26 15:30:00,0.0,0.0,0.0
2021-03-26 16:00:00,0.0,0.0,0.0
2021-03-26 16:30:00,0.0,0.0,0.0
2021-03-26 17:00:00,0.0,0.0,0.0
2021-03-26 17:30:00,0.0,0.0,0.0
2021-03-26 18:00:00,0.0441779398938471,4.0,2.235563499133779
2021-03-26 18:30:00,0.0,0.0,0.0
2021-03-26 19:00:00,0.0,0.0,0.0
2021-03-26 19:30:00,0.0,0.0,0.0
2021-03-26 20:00:00,0.0,0.0,0.0
2021-03-26 20:30:00,0.0,0.0,0.0
2021-03-26 21:00:00,0.0,0.0,0.0
2021-03-26 21:30:00,0.0,0.0,0.0
2021-03-26 22:00:00,0.0,0.0,0.0
2021-03-26 22:30:00,0.054438139430848305,6.0,3.1741359411608574
2021-03-26 23:00:00,0.0,0.0,0.0
2021-03-26 23:30:00,0.0,0.0,0.0
2021-03-27 00:00:00,0.0,0.0,0.0
2021-03-27 00:30:00,0.0,0.0,0.0
2021-03-27 01:00:00,0.0,0.0,0.0
2021-03-27 01:30:00,0.0,0.0,0.0
2021-03-27 02:00:00,0.0,0.0,0.0
2021-03-27 02:30:00,0.0,0.0,0.0
2021-03-27 03:00:00,0.0,0.0,0.0
2021-03-27 03:30:00,0.0,0.0,0.0
2021-03-27 04:00:00,0.0,0.0,0.0
2021-03-27 04:30:00,0.0,0.0,0.0
2021-03-27 05:00:00,0.03478836056157243,4.0,2.022652207804012
2021-03-27 05:30:00,0.0,0.0,0.0
2021-03-27 06:00:00,0.0,0.0,0.0
2021-03-27 06:30:00,0.0,0.0,0.0
2021-03-27 07:00:00,0.0,0.0,0.0
2021-03-27 07:30:00,-0.0040596267536946555,2.0,1.1908995024548301
2021-03-27 08:00:00,0.0,0.0,0.0
2021-03-27 08:30:00,0.0,0.0,0.0
2021-03-27 09:00:00,0.0,0.0,0.0
2021-03-27 09:30:00,0.0,0.0,0.0
2021-03-27 10:00:00,0.0,0.0,0.0
2021-03-27 10:30:00,0.007206589052368359,2.0,1.1421164317461705
2021-03-27 11:00:00,0.0,0.0,0.0
2021-03-27 11:30:00,0.0,0.0,0.0
2021-03-27 12:00:00,0.0,0.0,0.0
2021-03-27 12:30:00,0.0,0.0,0.0
2021-03-27 13:00:00,0.0,0.0,0.0
2021-03-27 13:30:00,0.0,0.0,0.0
2021-03-27 14:00:00,0.0,0.0,0.0
2021-03-27 14:30:00,0.0,0.0,0.0
2021-03-27 15:00:00,0.0,0.0,0.0
2021-03-27 15:30:00,0.0,0.0,0.0
2021-03-27 16:00:00,0.0,0.0,0.0
2021-03-27 16:30:00,0.0,0.0,0.0
2021-03-27 17:00:00,0.0,0.0,0.0
2021-03-27 17:30:00,0.0,0.0,0.0
2021-03-27 18:00:00,-0.025539224817844743,1.0,0.4180518865192355
2021-03-27 18:30:00,0.0,0.0,0.0
2021-03-27 19:00:00,0.0,0.0,0.0
2021-03-27 19:30:00,0.0,0.0,0.0
2021-03-27 20:00:00,0.0,0.0,0.0
2021-03-27 20:30:00,0.0,0.0,0.0
2021-03-27 21:00:00,0.0,0.0,0.0
2021-03-27 21:30:00,0.0,0.0,0.0
2021-03-27 22:00:00,0.0,0.0,0.0
2021-03-27 22:30:00,-0.04311484743999041,-1.0,-0.4399476463341796
2021-03-27 23:00:00,0.0,0.0,0.0
2021-03-27 23:30:00,0.0,0.0,0.0
2021-03-28 00:00:00,0.0,0.0,0.0
2021-03-28 00:30:00,0.0,0.0,0.0
2021-03-28 01:00:00,0.0,0.0,0.0
2021-03-28 01:30:00,0.0,0.0,0.0
2021-03-28 02:00:00,0.0,0.0,0.0
2021-03-28 02:30:00,0.0,0.0,0.0
2021-03-28 03:00:00,0.03938147894200677,3.0,1.425080545319789
2021-03-28 03:30:00,0.0,0.0,0.0
2021-03-28 04:00:00,0.0,0.0,0.0
2021-03-28 04:30:00,0.0,0.0,0.0
2021-03-28 05:00:00,-0.055323418320374726,-1.0,-0.6096791377658063
2021-03-28 05:30:00,0.0,0.0,0.0
2021-03-28 06:00:00,0.0,0.0,0.0
2021-03-28 06:30:00,0.0,0.0,0.0
2021-03-28 07:00:00,0.0,0.0,0.0
2021-03-28 07:30:00,-0.10892071905753006,-5.0,-2.6111074563523617
2021-03-28 08:00:00,0.0,0.0,0.0
2021-03-28 08:30:00,0.0,0.0,0.0
2021-03-28 09:00:00,0.0,0.0,0.0
2021-03-28 09:30:00,0.0,0.0,0.0
2021-03-28 10:00:00,0.0,0.0,0.0
2021-03-28 10:30:00,0.0,0.0,0.0
2021-03-28 11:00:00,0.0,0.0,0.0
2021-03-28 11:30:00,0.0,0.0,0.0
2021-03-28 12:00:00,0.0,0.0,0.0
2021-03-28 12:30:00,0.0,0.0,0.0
2021-03-28 13:00:00,0.0,0.0,0.0
2021-03-28 13:30:00,0.0,0.0,0.0
2021-03-28 14:00:00,-0.16642273534499077,-3.0,-1.6639609971051552
2021-03-28 14:30:00,0.0,0.0,0.0
2021-03-28 15:00:00,0.0,0.0,0.0
2021-03-28 15:30:00,0.0,0.0,0.0
2021-03-28 16:00:00,0.0,0.0,0.0
2021-03-28 16:30:00,0.0,0.0,0.0
2021-03-28 17:00:00,0.0,0.0,0.0
2021-03-28 17:30:00,0.0,0.0,0.0
2021-03-28 18:00:00,-0.007388390978154191,0.0,0.0643888966511712
2021-03-28 18:30:00,0.0,0.0,0.0
2021-03-28 19:00:00,0.0,0.0,0.0
2021-03-28 19:30:00,0.0,0.0,0.0
2021-03-28 20:00:00,0.0,0.0,0.0
2021-03-28 20:30:00,0.0,0.0,0.0
2021-03-28 21:00:00,0.0,0.0,0.0
2021-03-28 21:30:00,0.0,0.0,0.0
2021-03-28 22:00:00,0.0,0.0,0.0
2021-03-28 22:30:00,0.010277971655628375,2.0,1.009677915559434
2021-03-28 23:00:00,0.0,0.0,0.0
2021-03-28 23:30:00,0.0,0.0,0.0
2021-03-29 00:00:00,0.0,0.0,0.0
2021-03-29 00:30:00,0.0,0.0,0.0
2021-03-29 01:00:00,0.0,0.0,0.0
2021-03-29 01:30:00,0.0,0.0,0.0
2021-03-29 02:00:00,0.0,0.0,0.0
2021-03-29 02:30:00,0.0,0.0,0.0
2021-03-29 03:00:00,0.0,0.0,0.0
2021-03-29 03:30:00,0.0,0.0,0.0
2021-03-29 04:00:00,0.0,0.0,0.0
2021-03-29 04:30:00,0.0,0.0,0.0
2021-03-29 05:00:00,0.06759929928059621,1.0,0.4929314580425531
2021-03-29 05:30:00,0.0,0.0,0.0
2021-03-29 06:00:00,0.0,0.0,0.0
2021-03-29 06:30:00,0.0,0.0,0.0
2021-03-29 07:00:00,0.0,0.0,0.0
2021-03-29 07:30:00,-0.07278006004650749,1.0,0.3125536792418804
2021-03-29 08:00:00,0.0,0.0,0.0
2021-03-29 08:30:00,0.0,0.0,0.0
2021-03-29 09:00:00,0.0,0.0,0.0
2021-03-29 09:30:00,0.0,0.0,0.0
2021-03-29 10:00:00,0.0,0.0,0.0
2021-03-29 10:30:00,0.003162130936436594,0.0,0.026535195264736022
2021-03-29 11:00:00,0.0,0.0,0.0
2021-03-29 11:30:00,0.0,0.0,0.0
2021-03-29 12:00:00,0.0,0.0,0.0
2021-03-29 12:30:00,0.0,0.0,0.0
2021-03-29 13:00:00,0.0,0.0,0.0
2021-03-29 13:30:00,0.0,0.0,0.0
2021-03-29 14:00:00,0.20737498852726613,9.0,4.769103590409173
2021-03-29 14:30:00,0.0,0.0,0.0
2021-03-29 15:00:00,0.0,0.0,0.0
2021-03-29 15:30:00,0.0,0.0,0.0
2021-03-29 16:00:00,0.0,0.0,0.0
2021-03-29 16:30:00,0.0,0.0,0.0
2021-03-29 17:00:00,0.0,0.0,0.0
2021-03-29 17:30:00,0.0,0.0,0.0
2021-03-29 18:00:00,-0.008819244202090813,1.0,0.47962764451241735
